gene	chromosome	posStart	posEnd	exonRank	medianDepth
RB1	chr13	48303913	48304059	1	0
RB1	chr13	48307270	48307416	2	0
RB1	chr13	48342589	48342724	3	0
RB1	chr13	48345070	48345209	4	0
RB1	chr13	48347815	48347873	5	0
RB1	chr13	48348946	48349033	6	0
RB1	chr13	48360007	48360137	7	0
RB1	chr13	48362805	48362967	8	0
RB1	chr13	48364884	48364981	9	0
RB1	chr13	48367484	48367613	10	0
RB1	chr13	48368517	48368614	11	0
RB1	chr13	48373395	48373502	12	0
RB1	chr13	48376908	48377044	13	0
RB1	chr13	48379584	48379660	14	0
RB1	chr13	48380043	48380094	15	0
RB1	chr13	48380155	48380251	16	0
RB1	chr13	48381237	48381453	17	0
RB1	chr13	48452983	48453121	18	0
RB1	chr13	48456194	48456359	19	0
RB1	chr13	48459678	48459843	20	0
RB1	chr13	48463721	48463845	21	0
RB1	chr13	48464988	48465121	22	0
RB1	chr13	48465195	48465378	23	0
RB1	chr13	48473350	48473400	24	0
RB1	chr13	48476691	48476853	25	0
RB1	chr13	48477345	48477414	26	0
RB1	chr13	48479988	48480071	27	0
RPL5	chr1	92832115	92832127	1	0
RPL5	chr1	92833379	92833468	2	0
RPL5	chr1	92833535	92833670	3	0
RPL5	chr1	92834769	92834923	4	0
RPL5	chr1	92836180	92836402	5	0
RPL5	chr1	92837446	92837643	6	0
RPL5	chr1	92840541	92840649	7	0
RPL5	chr1	92841756	92841865	8	0
OR11H1	chr22	15528192	15529139	1	0
ARAF	chrX	47562968	47563073	2	0
ARAF	chrX	47563216	47563339	3	0
ARAF	chrX	47564787	47564909	4	0
ARAF	chrX	47564975	47565149	5	0
ARAF	chrX	47565242	47565360	6	0
ARAF	chrX	47566629	47566790	7	0
ARAF	chrX	47566874	47566921	8	0
ARAF	chrX	47566976	47567141	9	0
ARAF	chrX	47567220	47567442	10	0
ARAF	chrX	47568708	47568904	11	0
ARAF	chrX	47568977	47569043	12	0
ARAF	chrX	47569529	47569667	13	0
ARAF	chrX	47569883	47570034	14	0
ARAF	chrX	47570868	47571022	15	0
ARAF	chrX	47571313	47571457	16	0
SMC3	chr10	110567817	110567841	1	0
SMC3	chr10	110568928	110569023	2	0
SMC3	chr10	110573697	110573755	3	0
SMC3	chr10	110575326	110575413	4	0
SMC3	chr10	110577411	110577502	5	0
SMC3	chr10	110577825	110577924	6	0
SMC3	chr10	110578618	110578716	7	0
SMC3	chr10	110580894	110581031	8	0
SMC3	chr10	110581913	110582108	9	0
SMC3	chr10	110582552	110582652	10	0
SMC3	chr10	110583374	110583558	11	0
SMC3	chr10	110583831	110583972	12	0
SMC3	chr10	110584173	110584406	13	0
SMC3	chr10	110589595	110589718	14	0
SMC3	chr10	110589882	110590001	15	0
SMC3	chr10	110590402	110590582	16	0
SMC3	chr10	110590981	110591142	17	0
SMC3	chr10	110593063	110593233	18	0
SMC3	chr10	110596388	110596560	19	0
SMC3	chr10	110598129	110598300	20	0
SMC3	chr10	110599644	110599822	21	0
SMC3	chr10	110600429	110600556	22	0
SMC3	chr10	110601012	110601140	23	0
SMC3	chr10	110601627	110601894	24	0
SMC3	chr10	110601956	110602188	25	0
SMC3	chr10	110602464	110602675	26	0
SMC3	chr10	110602815	110603012	27	0
SMC3	chr10	110603174	110603300	28	0
SMC3	chr10	110604221	110604302	29	0
PREX2	chr8	67952395	67952545	1	0
PREX2	chr8	68017836	68017927	2	0
PREX2	chr8	68019539	68019681	3	0
PREX2	chr8	68022026	68022150	4	0
PREX2	chr8	68027212	68027333	5	0
PREX2	chr8	68030487	68030668	6	0
PREX2	chr8	68038149	68038302	7	0
PREX2	chr8	68044477	68044600	8	0
PREX2	chr8	68053087	68053256	9	0
PREX2	chr8	68055820	68055984	10	0
PREX2	chr8	68060669	68060789	11	0
PREX2	chr8	68069023	68069146	12	0
PREX2	chr8	68069825	68069894	13	0
PREX2	chr8	68072485	68072580	14	0
PREX2	chr8	68077387	68077479	15	0
PREX2	chr8	68080433	68080595	16	0
PREX2	chr8	68080736	68080848	17	0
PREX2	chr8	68083230	68083398	18	0
PREX2	chr8	68087714	68087819	19	0
PREX2	chr8	68090569	68090725	20	0
PREX2	chr8	68093595	68093732	21	0
PREX2	chr8	68097007	68097211	22	0
PREX2	chr8	68099672	68099853	23	0
PREX2	chr8	68108099	68108341	24	0
PREX2	chr8	68109406	68109633	25	0
PREX2	chr8	68115743	68115942	26	0
PREX2	chr8	68118540	68118654	27	0
PREX2	chr8	68119422	68119524	28	0
PREX2	chr8	68120186	68120296	29	0
PREX2	chr8	68120911	68121059	30	0
PREX2	chr8	68127368	68127429	31	0
PREX2	chr8	68134049	68134286	32	0
PREX2	chr8	68138405	68138527	33	0
PREX2	chr8	68146199	68146362	34	0
PREX2	chr8	68157312	68157446	35	0
PREX2	chr8	68191712	68191798	36	0
PREX2	chr8	68192325	68192535	37	0
PREX2	chr8	68217606	68217728	38	0
PREX2	chr8	68224549	68224636	39	0
PREX2	chr8	68231323	68231378	40	0
CYP2D6	chr22	42126574	42126762	9	0
CYP2D6	chr22	42126841	42127002	8	0
CYP2D6	chr22	42127437	42127644	7	0
CYP2D6	chr22	42127832	42127993	6	0
CYP2D6	chr22	42128164	42128360	5	0
CYP2D6	chr22	42128774	42128954	4	0
CYP2D6	chr22	42129023	42129195	3	0
CYP2D6	chr22	42129728	42129919	2	0
CYP2D6	chr22	42130602	42130791	1	0
ZMIZ1	chr10	79201633	79201702	5	0
ZMIZ1	chr10	79208326	79208459	6	0
ZMIZ1	chr10	79216159	79216284	7	0
ZMIZ1	chr10	79277171	79277335	8	0
ZMIZ1	chr10	79289765	79289899	9	0
ZMIZ1	chr10	79290949	79291186	10	0
ZMIZ1	chr10	79292148	79292366	11	0
ZMIZ1	chr10	79293371	79293663	12	0
ZMIZ1	chr10	79296461	79296663	13	0
ZMIZ1	chr10	79297603	79297700	14	0
ZMIZ1	chr10	79298396	79298590	15	0
ZMIZ1	chr10	79299040	79299201	16	0
ZMIZ1	chr10	79300722	79300952	17	0
ZMIZ1	chr10	79302097	79302222	18	0
ZMIZ1	chr10	79304005	79304185	19	0
ZMIZ1	chr10	79305154	79305241	20	0
ZMIZ1	chr10	79305523	79305611	21	0
ZMIZ1	chr10	79306090	79306354	22	0
ZMIZ1	chr10	79307395	79307581	23	0
ZMIZ1	chr10	79310914	79311194	24	0
ZMIZ1	chr10	79312632	79312749	25	0
AKT2	chr19	40233872	40233961	14	0
AKT2	chr19	40235035	40235157	13	0
AKT2	chr19	40235253	40235360	12	0
AKT2	chr19	40235880	40236114	11	0
AKT2	chr19	40236247	40236395	10	0
AKT2	chr19	40237959	40238101	9	0
AKT2	chr19	40238895	40238983	8	0
AKT2	chr19	40240035	40240120	7	0
AKT2	chr19	40241928	40242079	6	0
AKT2	chr19	40242524	40242697	5	0
AKT2	chr19	40255148	40255279	4	0
AKT2	chr19	40256916	40257064	3	0
AKT2	chr19	40265212	40265267	2	0
MYC	chr8	127736594	127736633	1	0
MYC	chr8	127738238	127739029	2	0
MYC	chr8	127740386	127740958	3	0
AKT3	chr1	243505249	243505344	14	0
AKT3	chr1	243512314	243512436	13	0
AKT3	chr1	243545500	243545607	12	0
AKT3	chr1	243552719	243552953	11	0
AKT3	chr1	243563710	243563858	10	0
AKT3	chr1	243572916	243573058	9	0
AKT3	chr1	243613661	243613749	8	0
AKT3	chr1	243615086	243615171	7	0
AKT3	chr1	243637601	243637752	6	0
AKT3	chr1	243645883	243646047	5	0
AKT3	chr1	243664762	243664893	4	0
AKT3	chr1	243695581	243695726	3	0
AKT3	chr1	243843115	243843170	2	0
MYB	chr6	135181514	135181546	1	0
MYB	chr6	135185893	135186030	2	0
MYB	chr6	135187824	135187915	3	0
MYB	chr6	135189781	135189893	4	0
MYB	chr6	135190117	135190357	5	0
MYB	chr6	135192314	135192568	6	0
MYB	chr6	135193828	135193928	7	0
MYB	chr6	135194346	135194470	8	0
MYB	chr6	135195738	135196012	9	0
MYB	chr6	135196951	135197333	10	0
MYB	chr6	135198898	135199060	11	0
MYB	chr6	135200075	135200209	12	0
MYB	chr6	135200280	135200425	13	0
MYB	chr6	135201629	135201759	14	0
MYB	chr6	135203207	135203334	15	0
MYB	chr6	135217854	135217980	16	0
AKT1	chr14	104770341	104770430	15	0
AKT1	chr14	104770735	104770857	14	0
AKT1	chr14	104772355	104772462	13	0
AKT1	chr14	104772868	104773102	12	0
AKT1	chr14	104773241	104773389	11	0
AKT1	chr14	104773445	104773590	10	0
AKT1	chr14	104773902	104773990	9	0
AKT1	chr14	104774928	104775013	8	0
AKT1	chr14	104775066	104775217	7	0
AKT1	chr14	104775642	104775809	6	0
AKT1	chr14	104776649	104776780	5	0
AKT1	chr14	104780078	104780226	4	0
AKT1	chr14	104792588	104792643	3	0
PRKACA	chr19	14093112	14093247	10	0
PRKACA	chr19	14093618	14093802	9	0
PRKACA	chr19	14097351	14097493	8	0
PRKACA	chr19	14097569	14097684	7	0
PRKACA	chr19	14097754	14097900	6	0
PRKACA	chr19	14100816	14100918	5	0
PRKACA	chr19	14102806	14102924	4	0
PRKACA	chr19	14106750	14106898	3	0
PRKACA	chr19	14107338	14107419	2	0
PRKACA	chr19	14117492	14117547	1	0
RNF111	chr15	59030823	59031712	2	0
RNF111	chr15	59052295	59052441	3	0
RNF111	chr15	59055672	59055855	4	0
RNF111	chr15	59058346	59058560	5	0
RNF111	chr15	59066754	59067093	6	0
RNF111	chr15	59075944	59076225	7	0
RNF111	chr15	59080926	59081294	8	0
RNF111	chr15	59084119	59084264	9	0
RNF111	chr15	59085649	59085795	10	0
RNF111	chr15	59089657	59089769	11	0
RNF111	chr15	59091049	59091164	12	0
RNF111	chr15	59092527	59092650	13	0
RNF111	chr15	59094773	59094900	14	0
DAXX	chr6	33318743	33318812	8	0
DAXX	chr6	33318987	33319229	7	0
DAXX	chr6	33319370	33319864	6	0
DAXX	chr6	33320001	33320234	5	0
DAXX	chr6	33320370	33320601	4	0
DAXX	chr6	33320726	33321577	3	0
DAXX	chr6	33321709	33321925	2	0
RPL22	chr1	6186672	6186826	4	0
RPL22	chr1	6192920	6193064	3	0
RPL22	chr1	6197642	6197766	2	0
RPL22	chr1	6199552	6199573	1	0
DICER1	chr14	95090498	95090673	27	0
DICER1	chr14	95091024	95091119	26	0
DICER1	chr14	95091193	95091375	25	0
DICER1	chr14	95093878	95094166	24	0
DICER1	chr14	95095815	95096723	23	0
DICER1	chr14	95099770	95099945	22	0
DICER1	chr14	95103336	95104136	21	0
DICER1	chr14	95105061	95105256	20	0
DICER1	chr14	95105668	95105793	19	0
DICER1	chr14	95106031	95106233	18	0
DICER1	chr14	95107598	95107771	17	0
DICER1	chr14	95107870	95108103	16	0
DICER1	chr14	95108314	95108513	15	0
DICER1	chr14	95111307	95111466	14	0
DICER1	chr14	95112162	95112257	13	0
DICER1	chr14	95113082	95113234	12	0
DICER1	chr14	95115657	95115831	11	0
DICER1	chr14	95116443	95116705	10	0
DICER1	chr14	95117612	95117764	9	0
DICER1	chr14	95124186	95124678	8	0
DICER1	chr14	95126570	95126758	7	0
DICER1	chr14	95129462	95129642	6	0
DICER1	chr14	95130048	95130202	5	0
DICER1	chr14	95131499	95131649	4	0
DICER1	chr14	95132505	95132687	3	0
DICER1	chr14	95133305	95133458	2	0
PDYN	chr20	1980323	1980968	4	0
PDYN	chr20	1982946	1983084	3	0
KNSTRN	chr15	40382836	40383054	1	0
KNSTRN	chr15	40383218	40383332	2	0
KNSTRN	chr15	40386352	40386504	3	0
KNSTRN	chr15	40387149	40387216	4	0
KNSTRN	chr15	40389496	40389621	5	0
KNSTRN	chr15	40389826	40389939	6	0
KNSTRN	chr15	40391483	40391564	7	0
KNSTRN	chr15	40391939	40392033	8	0
KNSTRN	chr15	40393459	40393597	9	0
DKK1	chr10	52314435	52314687	1	0
DKK1	chr10	52314913	52315095	2	0
DKK1	chr10	52316285	52316445	3	0
DKK1	chr10	52316544	52316807	4	0
EML4	chr2	42169612	42169646	1	0
EML4	chr2	42245495	42245697	2	0
EML4	chr2	42256491	42256640	3	0
EML4	chr2	42261111	42261304	4	0
EML4	chr2	42263168	42263316	5	0
EML4	chr2	42264696	42264741	6	0
EML4	chr2	42280840	42280983	7	0
EML4	chr2	42282813	42282982	8	0
EML4	chr2	42284624	42284713	9	0
EML4	chr2	42286259	42286389	10	0
EML4	chr2	42288217	42288332	11	0
EML4	chr2	42295115	42295269	12	0
EML4	chr2	42295371	42295526	13	0
EML4	chr2	42301231	42301402	14	0
EML4	chr2	42303094	42303239	15	0
EML4	chr2	42303305	42303456	16	0
EML4	chr2	42304474	42304561	17	0
EML4	chr2	42315952	42316060	18	0
EML4	chr2	42317417	42317534	19	0
EML4	chr2	42325457	42325564	20	0
EML4	chr2	42326144	42326262	21	0
EML4	chr2	42328876	42329026	22	0
EML4	chr2	42329724	42330207	23	0
AR	chrX	67545147	67546772	1	0
AR	chrX	67643246	67643417	2	0
AR	chrX	67686000	67686136	3	0
AR	chrX	67711392	67711699	4	0
AR	chrX	67717468	67717632	5	0
AR	chrX	67721823	67721973	6	0
AR	chrX	67722817	67722994	7	0
AR	chrX	67723676	67723841	8	0
MTAP	chr9	21802749	21802791	1	0
MTAP	chr9	21815423	21815529	2	0
MTAP	chr9	21816704	21816782	3	0
MTAP	chr9	21818025	21818212	4	0
MTAP	chr9	21837898	21838020	5	0
MTAP	chr9	21854621	21854880	6	0
MTAP	chr9	21859293	21859435	7	0
MTAP	chr9	21861966	21862014	8	0
PRKAR1A	chr17	68515400	68515586	2	0
PRKAR1A	chr17	68522746	68522936	3	0
PRKAR1A	chr17	68523715	68523826	4	0
PRKAR1A	chr17	68524006	68524087	5	0
PRKAR1A	chr17	68524902	68524968	6	0
PRKAR1A	chr17	68525744	68525922	7	0
PRKAR1A	chr17	68527830	68527910	8	0
PRKAR1A	chr17	68528860	68529001	9	0
PRKAR1A	chr17	68529910	68530011	10	0
PRKAR1A	chr17	68530267	68530449	11	0
PARD3	chr10	34111169	34111572	25	0
PARD3	chr10	34119603	34119750	24	0
PARD3	chr10	34131453	34131593	23	0
PARD3	chr10	34269647	34269909	22	0
PARD3	chr10	34284125	34284255	21	0
PARD3	chr10	34317097	34317348	20	0
PARD3	chr10	34331107	34331354	19	0
PARD3	chr10	34336189	34336253	18	0
PARD3	chr10	34337265	34337436	17	0
PARD3	chr10	34341617	34341826	16	0
PARD3	chr10	34347955	34348125	15	0
PARD3	chr10	34359137	34359327	14	0
PARD3	chr10	34360061	34360269	13	0
PARD3	chr10	34372488	34372546	12	0
PARD3	chr10	34374864	34375012	11	0
PARD3	chr10	34377957	34378116	10	0
PARD3	chr10	34382530	34382932	9	0
PARD3	chr10	34384119	34384264	8	0
PARD3	chr10	34399320	34399423	7	0
PARD3	chr10	34401816	34401927	6	0
PARD3	chr10	34450307	34450458	5	0
PARD3	chr10	34470075	34470273	4	0
PARD3	chr10	34516969	34517169	3	0
PARD3	chr10	34696308	34696429	2	0
PARD3	chr10	34814866	34814995	1	0
PRKD1	chr14	29577238	29577466	18	0
PRKD1	chr14	29578265	29578370	17	0
PRKD1	chr14	29597481	29597768	16	0
PRKD1	chr14	29599017	29599135	15	0
PRKD1	chr14	29599646	29599827	14	0
PRKD1	chr14	29624142	29624268	13	0
PRKD1	chr14	29626474	29626566	12	0
PRKD1	chr14	29629031	29629103	11	0
PRKD1	chr14	29630732	29631031	10	0
PRKD1	chr14	29632859	29632956	9	0
PRKD1	chr14	29634408	29634551	8	0
PRKD1	chr14	29636280	29636504	7	0
PRKD1	chr14	29638479	29638576	6	0
PRKD1	chr14	29638684	29638914	5	0
PRKD1	chr14	29663689	29663869	4	0
PRKD1	chr14	29666067	29666218	3	0
PRKD1	chr14	29725526	29725684	2	0
PRKD1	chr14	29927239	29927512	1	0
ABCB1	chr7	87504243	87504459	28	0
ABCB1	chr7	87505887	87506053	27	0
ABCB1	chr7	87509265	87509491	26	0
ABCB1	chr7	87515221	87515438	25	0
ABCB1	chr7	87516499	87516675	24	0
ABCB1	chr7	87519316	87519476	23	0
ABCB1	chr7	87520766	87520886	22	0
ABCB1	chr7	87531284	87531507	21	0
ABCB1	chr7	87536448	87536551	20	0
ABCB1	chr7	87539258	87539355	19	0
ABCB1	chr7	87541347	87541474	18	0
ABCB1	chr7	87544119	87544285	17	0
ABCB1	chr7	87544813	87545009	16	0
ABCB1	chr7	87545853	87546034	15	0
ABCB1	chr7	87549338	87549528	14	0
ABCB1	chr7	87549841	87550064	13	0
ABCB1	chr7	87550161	87550306	12	0
ABCB1	chr7	87550458	87550588	11	0
ABCB1	chr7	87550715	87550848	10	0
ABCB1	chr7	87553751	87553942	9	0
ABCB1	chr7	87561253	87561397	8	0
ABCB1	chr7	87566060	87566251	7	0
ABCB1	chr7	87566775	87566986	6	0
ABCB1	chr7	87570162	87570233	5	0
ABCB1	chr7	87585502	87585690	4	0
ABCB1	chr7	87595756	87595824	3	0
ABCB1	chr7	87600107	87600184	2	0
PDGFB	chr22	39225723	39225857	6	0
PDGFB	chr22	39230074	39230238	5	0
PDGFB	chr22	39231612	39231837	4	0
PDGFB	chr22	39233425	39233534	3	0
PDGFB	chr22	39235768	39235884	2	0
PDGFB	chr22	39243891	39243963	1	0
GATA6	chr18	22171145	22172289	2	0
GATA6	chr18	22176945	22177131	3	0
GATA6	chr18	22181443	22181588	4	0
GATA6	chr18	22182747	22182854	5	0
GATA6	chr18	22182930	22183053	6	0
GATA6	chr18	22200646	22200823	7	0
GATA3	chr10	8055656	8055906	2	0
GATA3	chr10	8058295	8058851	3	0
GATA3	chr10	8063983	8064148	4	0
GATA3	chr10	8069463	8069608	5	0
GATA3	chr10	8073729	8074023	6	0
GATA2	chr3	128481019	128481328	6	0
GATA2	chr3	128481809	128481954	5	0
GATA2	chr3	128483850	128484015	4	0
GATA2	chr3	128485717	128486378	3	0
GATA2	chr3	128486793	128487031	2	0
HIF1A	chr14	61695805	61695849	1	0
HIF1A	chr14	61720372	61720582	2	0
HIF1A	chr14	61721499	61721664	3	0
HIF1A	chr14	61721729	61721833	4	0
HIF1A	chr14	61726696	61726828	5	0
HIF1A	chr14	61727443	61727665	6	0
HIF1A	chr14	61732408	61732534	7	0
HIF1A	chr14	61734128	61734295	8	0
HIF1A	chr14	61736879	61737119	9	0
HIF1A	chr14	61738077	61738383	10	0
HIF1A	chr14	61740495	61740637	11	0
HIF1A	chr14	61740745	61741198	12	0
HIF1A	chr14	61744695	61744823	13	0
HIF1A	chr14	61745681	61745827	14	0
HIF1A	chr14	61746924	61747085	15	0
GATA1	chrX	48791110	48791339	2	0
GATA1	chrX	48791834	48792231	3	0
GATA1	chrX	48792313	48792478	4	0
GATA1	chrX	48793162	48793307	5	0
GATA1	chrX	48793783	48794164	6	0
GRIN2A	chr16	9763149	9764958	13	0
GRIN2A	chr16	9768841	9769099	12	0
GRIN2A	chr16	9798267	9798474	11	0
GRIN2A	chr16	9822254	9822434	10	0
GRIN2A	chr16	9829413	9829662	9	0
GRIN2A	chr16	9834095	9834240	8	0
GRIN2A	chr16	9840637	9840810	7	0
GRIN2A	chr16	9840926	9841114	6	0
GRIN2A	chr16	9849746	9849971	5	0
GRIN2A	chr16	9890976	9891110	4	0
GRIN2A	chr16	9937949	9938561	3	0
GRIN2A	chr16	10179988	10180411	2	0
TERT	chr5	1253728	1253841	16	0
TERT	chr5	1254358	1254515	15	0
TERT	chr5	1255277	1255421	14	0
TERT	chr5	1258588	1258669	13	0
TERT	chr5	1260464	1260610	12	0
TERT	chr5	1264394	1264602	11	0
TERT	chr5	1266454	1266545	10	0
TERT	chr5	1268510	1268643	9	0
TERT	chr5	1271109	1271214	8	0
TERT	chr5	1272175	1272290	7	0
TERT	chr5	1278631	1278806	6	0
TERT	chr5	1279281	1279480	5	0
TERT	chr5	1280148	1280348	4	0
TERT	chr5	1282419	1282634	3	0
TERT	chr5	1293303	1294676	2	0
TERT	chr5	1294761	1294989	1	0
NTHL1	chr16	2039924	2040057	6	0
NTHL1	chr16	2040123	2040248	5	0
NTHL1	chr16	2043557	2043736	4	0
NTHL1	chr16	2044620	2044810	3	0
NTHL1	chr16	2046118	2046376	2	0
NTHL1	chr16	2047699	2047823	1	0
RAD21	chr8	116847500	116847701	14	0
RAD21	chr8	116848936	116849039	13	0
RAD21	chr8	116850608	116850777	12	0
RAD21	chr8	116851938	116852106	11	0
RAD21	chr8	116852539	116852718	10	0
RAD21	chr8	116854235	116854478	9	0
RAD21	chr8	116856156	116856298	8	0
RAD21	chr8	116856636	116856781	7	0
RAD21	chr8	116857257	116857483	6	0
RAD21	chr8	116858342	116858468	5	0
RAD21	chr8	116861831	116861950	4	0
RAD21	chr8	116863120	116863269	3	0
RAD21	chr8	116866576	116866729	2	0
NKX2-1	chr14	36517278	36518030	3	0
NKX2-1	chr14	36518975	36519380	2	0
NKX2-1	chr14	36520043	36520129	1	0
PLCG1	chr20	41137642	41137868	1	0
PLCG1	chr20	41159596	41159768	2	0
PLCG1	chr20	41159860	41159973	3	0
PLCG1	chr20	41160096	41160163	4	0
PLCG1	chr20	41162442	41162546	5	0
PLCG1	chr20	41162632	41162735	6	0
PLCG1	chr20	41162948	41163002	7	0
PLCG1	chr20	41163193	41163285	8	0
PLCG1	chr20	41163368	41163489	9	0
PLCG1	chr20	41163705	41163843	10	0
PLCG1	chr20	41163911	41164016	11	0
PLCG1	chr20	41164071	41164211	12	0
PLCG1	chr20	41164923	41165111	13	0
PLCG1	chr20	41165235	41165377	14	0
PLCG1	chr20	41165440	41165561	15	0
PLCG1	chr20	41165629	41165836	16	0
PLCG1	chr20	41166184	41166404	17	0
PLCG1	chr20	41166466	41166605	18	0
PLCG1	chr20	41166669	41166869	19	0
PLCG1	chr20	41167842	41167939	20	0
PLCG1	chr20	41168757	41168880	21	0
PLCG1	chr20	41169069	41169185	22	0
PLCG1	chr20	41169447	41169536	23	0
PLCG1	chr20	41170102	41170279	24	0
PLCG1	chr20	41172183	41172299	25	0
PLCG1	chr20	41172411	41172655	26	0
PLCG1	chr20	41172719	41172887	27	0
PLCG1	chr20	41173410	41173544	28	0
PLCG1	chr20	41173642	41173823	29	0
PLCG1	chr20	41173913	41174021	30	0
PLCG1	chr20	41174114	41174321	31	0
PLCG1	chr20	41174457	41174509	32	0
ZBTB7B	chr1	155014661	155015824	2	0
ZBTB7B	chr1	155016210	155016685	3	0
ATG7	chr3	11298696	11298865	4	0
ATG7	chr3	11299352	11299426	5	0
ATG7	chr3	11306933	11307070	6	0
ATG7	chr3	11308974	11309071	7	0
ATG7	chr3	11313294	11313430	8	0
ATG7	chr3	11315334	11315503	9	0
ATG7	chr3	11331330	11331438	10	0
ATG7	chr3	11332962	11333103	11	0
ATG7	chr3	11340635	11340745	12	0
ATG7	chr3	11342125	11342289	13	0
ATG7	chr3	11347867	11348045	14	0
ATG7	chr3	11358408	11358622	15	0
ATG7	chr3	11360571	11360794	16	0
ATG7	chr3	11362803	11362938	17	0
ATG7	chr3	11364649	11364744	18	0
ATG7	chr3	11379962	11380062	19	0
ATG7	chr3	11426794	11426936	20	0
ATG7	chr3	11554801	11554843	21	0
BARD1	chr2	214728676	214729018	11	0
BARD1	chr2	214730401	214730518	10	0
BARD1	chr2	214745057	214745169	9	0
BARD1	chr2	214745712	214745864	8	0
BARD1	chr2	214752437	214752565	7	0
BARD1	chr2	214767472	214767664	6	0
BARD1	chr2	214769222	214769322	5	0
BARD1	chr2	214780550	214781519	4	0
BARD1	chr2	214792287	214792455	3	0
BARD1	chr2	214797051	214797127	2	0
BARD1	chr2	214809402	214809569	1	0
CREBBP	chr16	3727718	3729884	31	0
CREBBP	chr16	3731182	3731483	30	0
CREBBP	chr16	3731766	3731947	29	0
CREBBP	chr16	3736026	3736213	28	0
CREBBP	chr16	3736640	3736825	27	0
CREBBP	chr16	3738549	3738682	26	0
CREBBP	chr16	3739568	3739734	25	0
CREBBP	chr16	3740389	3740559	24	0
CREBBP	chr16	3744884	3744971	23	0
CREBBP	chr16	3745267	3745364	22	0
CREBBP	chr16	3749617	3749693	21	0
CREBBP	chr16	3751716	3751816	20	0
CREBBP	chr16	3757278	3757386	19	0
CREBBP	chr16	3757799	3758058	18	0
CREBBP	chr16	3758844	3758982	17	0
CREBBP	chr16	3767710	3767919	16	0
CREBBP	chr16	3769164	3769363	15	0
CREBBP	chr16	3770560	3770996	14	0
CREBBP	chr16	3773741	3773940	13	0
CREBBP	chr16	3774559	3774703	12	0
CREBBP	chr16	3777603	3777667	11	0
CREBBP	chr16	3778001	3778192	10	0
CREBBP	chr16	3778690	3778827	9	0
CREBBP	chr16	3780722	3780888	8	0
CREBBP	chr16	3781194	3781316	7	0
CREBBP	chr16	3782674	3782936	6	0
CREBBP	chr16	3791971	3792104	5	0
CREBBP	chr16	3793376	3793636	4	0
CREBBP	chr16	3810593	3810789	3	0
CREBBP	chr16	3850287	3851019	2	0
CREBBP	chr16	3879822	3879916	1	0
JUN	chr1	58782075	58783070	1	0
MTHFR	chr1	11790680	11790908	12	0
MTHFR	chr1	11791197	11791336	11	0
MTHFR	chr1	11792268	11792389	10	0
MTHFR	chr1	11793897	11794099	9	0
MTHFR	chr1	11794348	11794548	8	0
MTHFR	chr1	11794719	11794873	7	0
MTHFR	chr1	11795088	11795358	6	0
MTHFR	chr1	11796196	11796409	5	0
MTHFR	chr1	11800202	11800332	4	0
MTHFR	chr1	11801151	11801409	3	0
MTHFR	chr1	11802871	11803116	2	0
OR4N2	chr14	19827449	19828372	2	0
BRAF	chr7	140734597	140734780	18	0
BRAF	chr7	140739802	140739956	17	0
BRAF	chr7	140749277	140749428	16	0
BRAF	chr7	140753265	140753403	15	0
BRAF	chr7	140754177	140754243	14	0
BRAF	chr7	140776902	140777098	13	0
BRAF	chr7	140777981	140778085	12	0
BRAF	chr7	140781566	140781703	11	0
BRAF	chr7	140783011	140783167	10	0
BRAF	chr7	140787538	140787594	9	0
BRAF	chr7	140794298	140794477	8	0
BRAF	chr7	140800352	140800491	7	0
BRAF	chr7	140801402	140801570	6	0
BRAF	chr7	140807950	140808072	5	0
BRAF	chr7	140808882	140809005	4	0
BRAF	chr7	140834599	140834882	3	0
BRAF	chr7	140850101	140850222	2	0
BRAF	chr7	140924556	140924703	1	0
FOSL2	chr2	28393721	28393832	1	0
FOSL2	chr2	28404097	28404368	2	0
FOSL2	chr2	28408749	28408876	3	0
FOSL2	chr2	28411920	28412448	4	0
H1-2	chr6	26055787	26056428	1	0
CYLD	chr16	50749699	50750212	3	0
CYLD	chr16	50751594	50751916	4	0
CYLD	chr16	50754309	50754434	5	0
CYLD	chr16	50775156	50775184	6	0
CYLD	chr16	50776169	50776287	7	0
CYLD	chr16	50777815	50777951	8	0
CYLD	chr16	50779655	50780054	9	0
CYLD	chr16	50781236	50781421	10	0
CYLD	chr16	50782315	50782476	11	0
CYLD	chr16	50784319	50784461	12	0
CYLD	chr16	50786845	50786956	13	0
CYLD	chr16	50787776	50787862	14	0
CYLD	chr16	50791548	50791700	15	0
CYLD	chr16	50792587	50792715	16	0
CYLD	chr16	50793536	50793674	17	0
CYLD	chr16	50794202	50794438	18	0
CYLD	chr16	50796314	50796508	19	0
FAT1	chr4	186588592	186589230	27	0
FAT1	chr4	186595679	186595836	26	0
FAT1	chr4	186596530	186597181	25	0
FAT1	chr4	186597672	186597802	24	0
FAT1	chr4	186597962	186598135	23	0
FAT1	chr4	186599888	186600370	22	0
FAT1	chr4	186601259	186601436	21	0
FAT1	chr4	186602893	186603044	20	0
FAT1	chr4	186603166	186603987	19	0
FAT1	chr4	186604367	186604584	18	0
FAT1	chr4	186606060	186606223	17	0
FAT1	chr4	186609173	186609330	16	0
FAT1	chr4	186609791	186610025	15	0
FAT1	chr4	186611376	186611785	14	0
FAT1	chr4	186613099	186613352	13	0
FAT1	chr4	186614181	186614354	12	0
FAT1	chr4	186616995	186617211	11	0
FAT1	chr4	186617698	186621785	10	0
FAT1	chr4	186628144	186628374	9	0
FAT1	chr4	186628478	186628773	8	0
FAT1	chr4	186633674	186633833	7	0
FAT1	chr4	186636015	186636245	6	0
FAT1	chr4	186636575	186636924	5	0
FAT1	chr4	186639712	186639793	4	0
FAT1	chr4	186663289	186663623	3	0
FAT1	chr4	186706553	186709827	2	0
CDK12	chr17	39462072	39463127	1	0
CDK12	chr17	39470869	39471773	2	0
CDK12	chr17	39490547	39490743	3	0
CDK12	chr17	39492741	39492900	4	0
CDK12	chr17	39494514	39494704	5	0
CDK12	chr17	39501240	39501449	6	0
CDK12	chr17	39509695	39509771	7	0
CDK12	chr17	39511519	39511640	8	0
CDK12	chr17	39515721	39515818	9	0
CDK12	chr17	39517430	39517566	10	0
CDK12	chr17	39519946	39520097	11	0
CDK12	chr17	39524664	39524895	12	0
CDK12	chr17	39525854	39526326	13	0
CDK12	chr17	39530594	39531316	14	0
FAT4	chr4	125316412	125321596	2	0
FAT4	chr4	125398774	125398925	3	0
FAT4	chr4	125406870	125407151	4	0
FAT4	chr4	125408434	125408804	5	0
FAT4	chr4	125414874	125415816	6	0
FAT4	chr4	125416438	125416632	7	0
FAT4	chr4	125434235	125434435	8	0
FAT4	chr4	125446283	125446553	9	0
FAT4	chr4	125448451	125452820	10	0
FAT4	chr4	125463553	125463677	11	0
FAT4	chr4	125468502	125468829	12	0
FAT4	chr4	125476161	125476266	13	0
FAT4	chr4	125477145	125477344	14	0
FAT4	chr4	125479731	125479875	15	0
FAT4	chr4	125481511	125481748	16	0
FAT4	chr4	125487335	125487616	17	0
FAT4	chr4	125489891	125491768	18	0
EZH2	chr7	148807646	148807716	20	0
EZH2	chr7	148809061	148809165	19	0
EZH2	chr7	148809300	148809400	18	0
EZH2	chr7	148810323	148810424	17	0
EZH2	chr7	148811615	148811730	16	0
EZH2	chr7	148813949	148814147	15	0
EZH2	chr7	148814904	148815049	14	0
EZH2	chr7	148815496	148815556	13	0
EZH2	chr7	148816674	148816788	12	0
EZH2	chr7	148817212	148817401	11	0
EZH2	chr7	148817867	148818127	10	0
EZH2	chr7	148819586	148819697	9	0
EZH2	chr7	148826444	148826642	8	0
EZH2	chr7	148827154	148827276	7	0
EZH2	chr7	148828730	148828890	6	0
EZH2	chr7	148829718	148829858	5	0
EZH2	chr7	148832624	148832760	4	0
EZH2	chr7	148846460	148846608	3	0
EZH2	chr7	148847172	148847298	2	0
RET	chr10	43077259	43077341	1	0
RET	chr10	43100449	43100732	2	0
RET	chr10	43102332	43102639	3	0
RET	chr10	43104942	43105203	4	0
RET	chr10	43106366	43106581	5	0
RET	chr10	43109021	43109240	6	0
RET	chr10	43111197	43111475	7	0
RET	chr10	43112089	43112234	8	0
RET	chr10	43112843	43112973	9	0
RET	chr10	43113546	43113685	10	0
RET	chr10	43114470	43114746	11	0
RET	chr10	43116574	43116741	12	0
RET	chr10	43118363	43118490	13	0
RET	chr10	43119521	43119755	14	0
RET	chr10	43120071	43120213	15	0
RET	chr10	43121936	43122026	16	0
RET	chr10	43123661	43123818	17	0
RET	chr10	43124873	43124992	18	0
RET	chr10	43126565	43126732	19	0
RET	chr10	43128102	43128269	20	0
SETD2	chr3	47017093	47017264	21	0
SETD2	chr3	47017628	47017749	20	0
SETD2	chr3	47019750	47019850	19	0
SETD2	chr3	47037656	47037787	18	0
SETD2	chr3	47042551	47042710	17	0
SETD2	chr3	47046477	47046631	16	0
SETD2	chr3	47056811	47057500	15	0
SETD2	chr3	47062153	47062356	14	0
SETD2	chr3	47067060	47067128	13	0
SETD2	chr3	47083710	47084392	12	0
SETD2	chr3	47086185	47086324	11	0
SETD2	chr3	47088103	47088257	10	0
SETD2	chr3	47097945	47098091	9	0
SETD2	chr3	47101448	47101565	8	0
SETD2	chr3	47103336	47103433	7	0
SETD2	chr3	47105987	47106130	6	0
SETD2	chr3	47113866	47114014	5	0
SETD2	chr3	47116613	47116764	4	0
SETD2	chr3	47120172	47124558	3	0
SETD2	chr3	47126638	47126673	2	0
SETD2	chr3	47163844	47163924	1	0
CDKN1A	chr6	36684102	36684556	2	0
CDKN1A	chr6	36685741	36685800	3	0
RARG	chr12	53211676	53211873	10	0
RARG	chr12	53213075	53213253	9	0
RARG	chr12	53213486	53213710	8	0
RARG	chr12	53214049	53214245	7	0
RARG	chr12	53214436	53214616	6	0
RARG	chr12	53215283	53215444	5	0
RARG	chr12	53215636	53215804	4	0
RARG	chr12	53227352	53227545	3	0
CDKN1B	chr12	12717840	12718324	1	0
CDKN1B	chr12	12718815	12718946	2	0
CTCF	chr16	67610833	67611623	3	0
CTCF	chr16	67611941	67612131	4	0
CTCF	chr16	67616735	67616888	5	0
CTCF	chr16	67620687	67620827	6	0
CTCF	chr16	67621432	67621601	7	0
CTCF	chr16	67626545	67626725	8	0
CTCF	chr16	67628360	67628562	9	0
CTCF	chr16	67629388	67629543	10	0
CTCF	chr16	67636680	67636861	11	0
CTCF	chr16	67637678	67637872	12	0
HOXC13	chr12	53938907	53939652	1	0
HOXC13	chr12	53944990	53945256	2	0
PHF6	chrX	134377618	134377765	2	0
PHF6	chrX	134377995	134378116	3	0
PHF6	chrX	134393491	134393644	4	0
PHF6	chrX	134393899	134393962	5	0
PHF6	chrX	134413481	134413667	6	0
PHF6	chrX	134413813	134413976	7	0
PHF6	chrX	134415006	134415130	8	0
PHF6	chrX	134417159	134417312	9	0
PHF6	chrX	134425191	134425330	10	0
NPAP1	chr15	24675868	24679338	1	0
IKBKB	chr8	42272101	42272215	2	0
IKBKB	chr8	42288624	42288738	3	0
IKBKB	chr8	42290146	42290283	4	0
IKBKB	chr8	42293433	42293522	5	0
IKBKB	chr8	42305177	42305285	6	0
IKBKB	chr8	42306333	42306442	7	0
IKBKB	chr8	42308891	42309035	8	0
IKBKB	chr8	42314312	42314439	9	0
IKBKB	chr8	42316200	42316349	10	0
IKBKB	chr8	42316700	42316914	11	0
IKBKB	chr8	42317647	42317781	12	0
IKBKB	chr8	42318542	42318685	13	0
IKBKB	chr8	42319260	42319431	14	0
IKBKB	chr8	42319575	42319656	15	0
IKBKB	chr8	42320725	42320854	16	0
IKBKB	chr8	42321886	42321955	17	0
IKBKB	chr8	42322044	42322163	18	0
IKBKB	chr8	42322337	42322504	19	0
IKBKB	chr8	42325960	42326107	20	0
IKBKB	chr8	42329114	42329224	21	0
IKBKB	chr8	42330904	42330979	22	0
MED12	chrX	71118755	71118863	1	0
MED12	chrX	71119363	71119487	2	0
MED12	chrX	71119676	71119887	3	0
MED12	chrX	71120004	71120180	4	0
MED12	chrX	71120961	71121162	5	0
MED12	chrX	71121317	71121447	6	0
MED12	chrX	71121552	71121826	7	0
MED12	chrX	71122190	71122356	8	0
MED12	chrX	71122498	71122617	9	0
MED12	chrX	71122728	71122884	10	0
MED12	chrX	71123085	71123236	11	0
MED12	chrX	71123584	71123730	12	0
MED12	chrX	71124149	71124398	13	0
MED12	chrX	71124754	71124854	14	0
MED12	chrX	71124966	71125156	15	0
MED12	chrX	71125341	71125505	16	0
MED12	chrX	71125653	71125723	17	0
MED12	chrX	71126026	71126164	18	0
MED12	chrX	71126331	71126494	19	0
MED12	chrX	71126959	71127142	20	0
MED12	chrX	71127326	71127477	21	0
MED12	chrX	71127883	71128130	22	0
MED12	chrX	71128286	71128450	23	0
MED12	chrX	71128588	71128728	24	0
MED12	chrX	71129104	71129225	25	0
MED12	chrX	71129306	71129439	26	0
MED12	chrX	71129670	71129865	27	0
MED12	chrX	71130025	71130224	28	0
MED12	chrX	71131540	71131631	29	0
MED12	chrX	71132063	71132216	30	0
MED12	chrX	71132367	71132548	31	0
MED12	chrX	71132835	71132966	32	0
MED12	chrX	71133113	71133222	33	0
MED12	chrX	71134347	71134476	34	0
MED12	chrX	71134703	71134858	35	0
MED12	chrX	71135082	71135263	36	0
MED12	chrX	71136271	71136665	37	0
MED12	chrX	71136869	71137039	38	0
MED12	chrX	71137177	71137393	39	0
MED12	chrX	71137548	71137645	40	0
MED12	chrX	71137716	71137953	41	0
MED12	chrX	71140625	71140867	42	0
MED12	chrX	71141220	71141380	43	0
MED12	chrX	71141873	71141974	44	0
MED12	chrX	71142165	71142218	45	0
NIPBL	chr5	36953697	36953770	2	0
NIPBL	chr5	36955462	36955647	3	0
NIPBL	chr5	36958094	36958241	4	0
NIPBL	chr5	36961474	36961593	5	0
NIPBL	chr5	36962113	36962284	6	0
NIPBL	chr5	36970866	36971046	7	0
NIPBL	chr5	36971935	36972051	8	0
NIPBL	chr5	36975766	36976412	9	0
NIPBL	chr5	36984666	36986311	10	0
NIPBL	chr5	36995612	36995814	11	0
NIPBL	chr5	37000363	37000580	12	0
NIPBL	chr5	37000807	37000898	13	0
NIPBL	chr5	37000979	37001088	14	0
NIPBL	chr5	37002652	37002775	15	0
NIPBL	chr5	37003251	37003357	16	0
NIPBL	chr5	37006347	37006598	17	0
NIPBL	chr5	37007313	37007484	18	0
NIPBL	chr5	37007998	37008098	19	0
NIPBL	chr5	37008613	37008733	20	0
NIPBL	chr5	37010077	37010235	21	0
NIPBL	chr5	37014673	37014775	22	0
NIPBL	chr5	37016028	37016180	23	0
NIPBL	chr5	37017009	37017172	24	0
NIPBL	chr5	37019301	37019410	25	0
NIPBL	chr5	37020449	37020683	26	0
NIPBL	chr5	37020765	37020887	27	0
NIPBL	chr5	37022041	37022159	28	0
NIPBL	chr5	37022234	37022400	29	0
NIPBL	chr5	37024575	37024729	30	0
NIPBL	chr5	37026219	37026337	31	0
NIPBL	chr5	37027349	37027422	32	0
NIPBL	chr5	37036369	37036497	33	0
NIPBL	chr5	37038592	37038748	34	0
NIPBL	chr5	37044337	37044497	35	0
NIPBL	chr5	37044626	37044739	36	0
NIPBL	chr5	37045433	37045607	37	0
NIPBL	chr5	37046099	37046209	38	0
NIPBL	chr5	37048492	37048685	39	0
NIPBL	chr5	37049101	37049311	40	0
NIPBL	chr5	37051769	37051896	41	0
NIPBL	chr5	37052356	37052576	42	0
NIPBL	chr5	37057176	37057342	43	0
NIPBL	chr5	37058881	37059175	44	0
NIPBL	chr5	37060834	37061028	45	0
NIPBL	chr5	37063780	37063988	46	0
NIPBL	chr5	37064517	37064892	47	0
MECOM	chr3	169084909	169085053	17	0
MECOM	chr3	169088990	169089193	16	0
MECOM	chr3	169089990	169090246	15	0
MECOM	chr3	169092948	169093112	14	0
MECOM	chr3	169095066	169095255	13	0
MECOM	chr3	169100875	169100972	12	0
MECOM	chr3	169102050	169102236	11	0
MECOM	chr3	169107916	169107962	10	0
MECOM	chr3	169112777	169112884	9	0
MECOM	chr3	169115373	169116749	8	0
MECOM	chr3	169121046	169121219	7	0
MECOM	chr3	169122570	169122737	6	0
MECOM	chr3	169127834	169128070	5	0
MECOM	chr3	169131419	169131541	4	0
MECOM	chr3	169143688	169143842	3	0
MECOM	chr3	169381177	169381534	2	0
MECOM	chr3	169663326	169663372	1	0
CTLA4	chr2	203867943	203868061	1	0
CTLA4	chr2	203870576	203870943	2	0
CTLA4	chr2	203871368	203871497	3	0
CTLA4	chr2	203872698	203872812	4	0
CIC	chr19	42271784	42274587	2	0
CIC	chr19	42286761	42286930	3	0
CIC	chr19	42286996	42287250	4	0
CIC	chr19	42287310	42287459	5	0
CIC	chr19	42287535	42287737	6	0
CIC	chr19	42287800	42287985	7	0
CIC	chr19	42288878	42289100	8	0
CIC	chr19	42289171	42289416	9	0
CIC	chr19	42289838	42289961	10	0
CIC	chr19	42290223	42291476	11	0
CIC	chr19	42291548	42291755	12	0
CIC	chr19	42292076	42292217	13	0
CIC	chr19	42292290	42292476	14	0
CIC	chr19	42292556	42292869	15	0
CIC	chr19	42292946	42293291	16	0
CIC	chr19	42293582	42293846	17	0
CIC	chr19	42293925	42294099	18	0
CIC	chr19	42294163	42294314	19	0
CIC	chr19	42294594	42294745	20	0
CIC	chr19	42294814	42295191	21	0
JAK2	chr9	5021988	5022223	3	0
JAK2	chr9	5029773	5029916	4	0
JAK2	chr9	5044393	5044530	5	0
JAK2	chr9	5050676	5050841	6	0
JAK2	chr9	5054553	5054894	7	0
JAK2	chr9	5055659	5055798	8	0
JAK2	chr9	5064873	5065050	9	0
JAK2	chr9	5066668	5066799	10	0
JAK2	chr9	5069012	5069218	11	0
JAK2	chr9	5069915	5070062	12	0
JAK2	chr9	5072482	5072636	13	0
JAK2	chr9	5073688	5073795	14	0
JAK2	chr9	5077443	5077590	15	0
JAK2	chr9	5078296	5078454	16	0
JAK2	chr9	5080219	5080390	17	0
JAK2	chr9	5080523	5080693	18	0
JAK2	chr9	5081715	5081871	19	0
JAK2	chr9	5089664	5089873	20	0
JAK2	chr9	5090436	5090580	21	0
JAK2	chr9	5090729	5090921	22	0
JAK2	chr9	5122994	5123131	23	0
JAK2	chr9	5126323	5126456	24	0
JAK2	chr9	5126674	5126791	25	0
JAK3	chr19	17826743	17826920	24	0
JAK3	chr19	17830098	17830228	23	0
JAK3	chr19	17830493	17830630	22	0
JAK3	chr19	17831218	17831410	21	0
JAK3	chr19	17831664	17831808	20	0
JAK3	chr19	17832509	17832718	19	0
JAK3	chr19	17832780	17832939	18	0
JAK3	chr19	17834561	17834731	17	0
JAK3	chr19	17834842	17835013	16	0
JAK3	chr19	17835073	17835225	15	0
JAK3	chr19	17835914	17836061	14	0
JAK3	chr19	17837119	17837223	13	0
JAK3	chr19	17837922	17838073	12	0
JAK3	chr19	17838253	17838400	11	0
JAK3	chr19	17839467	17839673	10	0
JAK3	chr19	17840220	17840351	9	0
JAK3	chr19	17841379	17841556	8	0
JAK3	chr19	17841630	17841772	7	0
JAK3	chr19	17842306	17842620	6	0
JAK3	chr19	17843017	17843182	5	0
JAK3	chr19	17843370	17843501	4	0
JAK3	chr19	17843767	17843910	3	0
JAK3	chr19	17844224	17844417	2	0
JAK1	chr1	64834562	64834667	25	0
JAK1	chr1	64835386	64835516	24	0
JAK1	chr1	64836088	64836225	23	0
JAK1	chr1	64837922	64838114	22	0
JAK1	chr1	64838455	64838599	21	0
JAK1	chr1	64839593	64839805	20	0
JAK1	chr1	64841235	64841349	19	0
JAK1	chr1	64841441	64841611	18	0
JAK1	chr1	64844054	64844225	17	0
JAK1	chr1	64844744	64844899	16	0
JAK1	chr1	64845503	64845650	15	0
JAK1	chr1	64846639	64846746	14	0
JAK1	chr1	64847522	64847685	13	0
JAK1	chr1	64850794	64850920	12	0
JAK1	chr1	64855499	64855708	11	0
JAK1	chr1	64857646	64857789	10	0
JAK1	chr1	64860095	64860272	9	0
JAK1	chr1	64864777	64864982	8	0
JAK1	chr1	64866856	64867218	7	0
JAK1	chr1	64869301	64869484	6	0
JAK1	chr1	64873360	64873533	5	0
JAK1	chr1	64879015	64879158	4	0
JAK1	chr1	64883267	64883485	3	0
JAK1	chr1	64886249	64886264	2	0
SERPINB3	chr18	63655657	63656071	8	0
SERPINB3	chr18	63656821	63656996	7	0
SERPINB3	chr18	63657260	63657422	6	0
SERPINB3	chr18	63658503	63658640	5	0
SERPINB3	chr18	63659389	63659537	4	0
SERPINB3	chr18	63660790	63660866	3	0
SERPINB3	chr18	63661042	63661216	2	0
SERPINB4	chr18	63637719	63638133	8	0
SERPINB4	chr18	63639175	63639350	7	0
SERPINB4	chr18	63639624	63639786	6	0
SERPINB4	chr18	63640864	63641001	5	0
SERPINB4	chr18	63641750	63641898	4	0
SERPINB4	chr18	63643151	63643227	3	0
SERPINB4	chr18	63643403	63643577	2	0
TCF12	chr15	56919914	56919998	2	0
TCF12	chr15	56921016	56921108	3	0
TCF12	chr15	57063740	57063833	4	0
TCF12	chr15	57091779	57091901	5	0
TCF12	chr15	57166392	57166476	6	0
TCF12	chr15	57192148	57192303	7	0
TCF12	chr15	57197763	57197835	8	0
TCF12	chr15	57231142	57231267	9	0
TCF12	chr15	57232281	57232440	10	0
TCF12	chr15	57232702	57232866	11	0
TCF12	chr15	57234033	57234117	12	0
TCF12	chr15	57243462	57243560	13	0
TCF12	chr15	57251340	57251433	14	0
TCF12	chr15	57252411	57252502	15	0
TCF12	chr15	57253252	57253478	16	0
TCF12	chr15	57262084	57262218	17	0
TCF12	chr15	57263102	57263284	18	0
TCF12	chr15	57273020	57273272	19	0
TCF12	chr15	57282435	57282587	20	0
TET2	chr4	105233943	105237361	3	0
TET2	chr4	105241329	105241439	4	0
TET2	chr4	105242824	105242937	5	0
TET2	chr4	105243560	105243788	6	0
TET2	chr4	105259609	105259779	7	0
TET2	chr4	105261749	105261858	8	0
TET2	chr4	105269600	105269757	9	0
TET2	chr4	105272554	105272928	10	0
TET2	chr4	105275038	105276519	11	0
PAX5	chr9	36840560	36840646	10	0
PAX5	chr9	36846833	36846939	9	0
PAX5	chr9	36881994	36882115	8	0
PAX5	chr9	36923345	36923494	7	0
PAX5	chr9	36966539	36966734	6	0
PAX5	chr9	37002638	37002786	5	0
PAX5	chr9	37006463	37006547	4	0
PAX5	chr9	37014987	37015204	3	0
PAX5	chr9	37020626	37020811	2	0
PAX5	chr9	37033976	37034031	1	0
SLC7A5	chr16	87832970	87833035	10	0
SLC7A5	chr16	87834404	87834601	9	0
SLC7A5	chr16	87836488	87836657	8	0
SLC7A5	chr16	87837835	87837951	7	0
SLC7A5	chr16	87838704	87838827	6	0
SLC7A5	chr16	87839692	87839835	5	0
SLC7A5	chr16	87840419	87840483	4	0
SLC7A5	chr16	87841040	87841165	3	0
SLC7A5	chr16	87851714	87851859	2	0
SLC7A5	chr16	87868875	87869422	1	0
NCOR1	chr17	16032296	16032493	46	0
NCOR1	chr17	16034755	16034954	45	0
NCOR1	chr17	16039423	16039664	44	0
NCOR1	chr17	16040431	16040504	43	0
NCOR1	chr17	16046941	16047103	42	0
NCOR1	chr17	16048835	16048998	41	0
NCOR1	chr17	16057504	16057747	40	0
NCOR1	chr17	16057897	16058074	39	0
NCOR1	chr17	16058461	16058609	38	0
NCOR1	chr17	16061391	16061904	37	0
NCOR1	chr17	16062095	16062280	36	0
NCOR1	chr17	16064058	16064197	35	0
NCOR1	chr17	16064860	16065029	34	0
NCOR1	chr17	16065475	16065704	33	0
NCOR1	chr17	16067884	16068131	32	0
NCOR1	chr17	16070155	16070535	31	0
NCOR1	chr17	16071399	16071675	30	0
NCOR1	chr17	16072135	16072238	29	0
NCOR1	chr17	16073419	16073579	28	0
NCOR1	chr17	16075524	16075712	27	0
NCOR1	chr17	16079954	16080074	26	0
NCOR1	chr17	16080398	16080519	25	0
NCOR1	chr17	16080597	16080737	24	0
NCOR1	chr17	16086272	16086452	23	0
NCOR1	chr17	16091853	16092068	22	0
NCOR1	chr17	16098357	16098506	21	0
NCOR1	chr17	16101240	16101767	20	0
NCOR1	chr17	16108776	16108922	19	0
NCOR1	chr17	16117878	16118037	18	0
NCOR1	chr17	16119413	16119495	17	0
NCOR1	chr17	16121042	16121279	16	0
NCOR1	chr17	16126072	16126216	15	0
NCOR1	chr17	16137301	16137422	14	0
NCOR1	chr17	16138148	16138222	13	0
NCOR1	chr17	16138998	16139196	12	0
NCOR1	chr17	16143596	16143706	11	0
NCOR1	chr17	16146366	16146558	10	0
NCOR1	chr17	16149441	16149527	9	0
NCOR1	chr17	16151936	16152008	8	0
NCOR1	chr17	16153329	16153405	7	0
NCOR1	chr17	16158750	16158883	6	0
NCOR1	chr17	16164969	16165171	5	0
NCOR1	chr17	16171793	16172005	4	0
NCOR1	chr17	16186544	16186697	3	0
NCOR1	chr17	16194452	16194569	2	0
COL2A1	chr12	47973407	47973563	54	0
COL2A1	chr12	47974079	47974341	53	0
COL2A1	chr12	47974665	47974872	52	0
COL2A1	chr12	47975307	47975615	51	0
COL2A1	chr12	47975953	47976080	50	0
COL2A1	chr12	47976504	47976577	49	0
COL2A1	chr12	47976802	47976929	48	0
COL2A1	chr12	47977092	47977165	47	0
COL2A1	chr12	47977310	47977437	46	0
COL2A1	chr12	47977590	47977663	45	0
COL2A1	chr12	47978000	47978127	44	0
COL2A1	chr12	47978281	47978408	43	0
COL2A1	chr12	47978587	47978768	42	0
COL2A1	chr12	47979501	47979574	41	0
COL2A1	chr12	47979999	47980072	40	0
COL2A1	chr12	47980544	47980671	39	0
COL2A1	chr12	47980905	47980978	38	0
COL2A1	chr12	47981333	47981406	37	0
COL2A1	chr12	47981766	47981839	36	0
COL2A1	chr12	47982097	47982170	35	0
COL2A1	chr12	47982492	47982619	34	0
COL2A1	chr12	47982838	47982956	33	0
COL2A1	chr12	47983083	47983147	32	0
COL2A1	chr12	47983375	47983448	31	0
COL2A1	chr12	47983673	47983746	30	0
COL2A1	chr12	47984077	47984150	29	0
COL2A1	chr12	47984536	47984609	28	0
COL2A1	chr12	47984985	47985103	27	0
COL2A1	chr12	47985524	47985597	26	0
COL2A1	chr12	47985718	47985836	25	0
COL2A1	chr12	47985902	47985975	24	0
COL2A1	chr12	47986326	47986453	23	0
COL2A1	chr12	47986825	47986898	22	0
COL2A1	chr12	47987068	47987186	21	0
COL2A1	chr12	47987259	47987323	20	0
COL2A1	chr12	47987601	47987719	19	0
COL2A1	chr12	47989218	47989291	18	0
COL2A1	chr12	47989751	47989815	17	0
COL2A1	chr12	47992868	47992941	16	0
COL2A1	chr12	47993448	47993512	15	0
COL2A1	chr12	47993799	47993872	14	0
COL2A1	chr12	47993984	47994057	13	0
COL2A1	chr12	47994414	47994487	12	0
COL2A1	chr12	47995245	47995318	11	0
COL2A1	chr12	47995700	47995773	10	0
COL2A1	chr12	47995865	47995929	9	0
COL2A1	chr12	47996538	47996635	8	0
COL2A1	chr12	47997596	47997717	7	0
COL2A1	chr12	47997861	47997934	6	0
COL2A1	chr12	47998022	47998074	5	0
COL2A1	chr12	47998159	47998211	4	0
COL2A1	chr12	47998405	47998441	3	0
COL2A1	chr12	47999909	48000135	2	0
COL2A1	chr12	48004227	48004321	1	0
SDHAF2	chr11	61430147	61430192	1	0
SDHAF2	chr11	61437615	61437858	2	0
SDHAF2	chr11	61437994	61438123	3	0
SDHAF2	chr11	61445931	61446071	4	0
DPYD	chr1	97078976	97079156	23	0
DPYD	chr1	97082320	97082480	22	0
DPYD	chr1	97098479	97098642	21	0
DPYD	chr1	97193059	97193258	20	0
DPYD	chr1	97234842	97235004	19	0
DPYD	chr1	97305249	97305388	18	0
DPYD	chr1	97306167	97306307	17	0
DPYD	chr1	97373551	97373654	16	0
DPYD	chr1	97382383	97382471	15	0
DPYD	chr1	97450049	97450233	14	0
DPYD	chr1	97515716	97515951	13	0
DPYD	chr1	97549550	97549754	12	0
DPYD	chr1	97573750	97573980	11	0
DPYD	chr1	97593208	97593397	10	0
DPYD	chr1	97595049	97595176	9	0
DPYD	chr1	97679085	97679192	8	0
DPYD	chr1	97691707	97691808	7	0
DPYD	chr1	97699341	97699557	6	0
DPYD	chr1	97721500	97721681	5	0
DPYD	chr1	97740382	97740489	4	0
DPYD	chr1	97828104	97828206	3	0
DPYD	chr1	97883254	97883384	2	0
DPYD	chr1	97920874	97920922	1	0
POT1	chr7	124823962	124824084	19	0
POT1	chr7	124825242	124825367	18	0
POT1	chr7	124827204	124827315	17	0
POT1	chr7	124829244	124829352	16	0
POT1	chr7	124835269	124835424	15	0
POT1	chr7	124840963	124841188	14	0
POT1	chr7	124842797	124842973	13	0
POT1	chr7	124846932	124847008	12	0
POT1	chr7	124851862	124851961	11	0
POT1	chr7	124852962	124853148	10	0
POT1	chr7	124858947	124859122	9	0
POT1	chr7	124863340	124863650	8	0
POT1	chr7	124870901	124871051	7	0
POT1	chr7	124892256	124892390	6	0
POT1	chr7	124897155	124897173	5	0
SMTNL2	chr17	4584606	4585014	1	0
SMTNL2	chr17	4592351	4592458	2	0
SMTNL2	chr17	4592919	4593181	3	0
SMTNL2	chr17	4593812	4593907	4	0
SMTNL2	chr17	4595135	4595337	5	0
SMTNL2	chr17	4596850	4596987	6	0
SMTNL2	chr17	4597162	4597333	7	0
SMTNL2	chr17	4607351	4607487	8	0
FH	chr1	241497828	241497980	10	0
FH	chr1	241500427	241500600	9	0
FH	chr1	241502433	241502580	8	0
FH	chr1	241504032	241504255	7	0
FH	chr1	241505993	241506178	6	0
FH	chr1	241508593	241508795	5	0
FH	chr1	241511957	241512153	4	0
FH	chr1	241513593	241513723	3	0
FH	chr1	241517172	241517326	2	0
FH	chr1	241519581	241519722	1	0
RPL10	chrX	154398520	154398552	2	0
RPL10	chrX	154399328	154399406	3	0
RPL10	chrX	154399477	154399604	4	0
RPL10	chrX	154399793	154399951	5	0
RPL10	chrX	154400454	154400636	6	0
RPL10	chrX	154400692	154400854	7	0
GSTP1	chr11	67583844	67583854	1	0
GSTP1	chr11	67584124	67584179	2	0
GSTP1	chr11	67584454	67584580	3	0
GSTP1	chr11	67584675	67584782	4	0
GSTP1	chr11	67585128	67585251	5	0
GSTP1	chr11	67586094	67586221	6	0
GSTP1	chr11	67586379	67586577	7	0
GPS2	chr17	7312756	7312849	11	0
GPS2	chr17	7313019	7313134	10	0
GPS2	chr17	7313202	7313301	9	0
GPS2	chr17	7313370	7313479	8	0
GPS2	chr17	7313558	7313731	7	0
GPS2	chr17	7313896	7313998	6	0
GPS2	chr17	7314070	7314169	5	0
GPS2	chr17	7314281	7314413	4	0
GPS2	chr17	7314478	7314607	3	0
GPS2	chr17	7314949	7315052	2	0
EGFR	chr7	55019278	55019375	1	0
EGFR	chr7	55142276	55142447	2	0
EGFR	chr7	55143295	55143498	3	0
EGFR	chr7	55146596	55146750	4	0
EGFR	chr7	55151284	55151372	5	0
EGFR	chr7	55152536	55152674	6	0
EGFR	chr7	55154001	55154162	7	0
EGFR	chr7	55155820	55155956	8	0
EGFR	chr7	55156523	55156669	9	0
EGFR	chr7	55156749	55156842	10	0
EGFR	chr7	55157653	55157763	11	0
EGFR	chr7	55160129	55160348	12	0
EGFR	chr7	55161489	55161641	13	0
EGFR	chr7	55163723	55163833	14	0
EGFR	chr7	55165270	55165447	15	0
EGFR	chr7	55171165	55171223	16	0
EGFR	chr7	55172973	55173134	17	0
EGFR	chr7	55173911	55174053	18	0
EGFR	chr7	55174712	55174830	19	0
EGFR	chr7	55181283	55181488	20	0
EGFR	chr7	55191709	55191884	21	0
EGFR	chr7	55192756	55192851	22	0
EGFR	chr7	55198707	55198873	23	0
EGFR	chr7	55200306	55200423	24	0
EGFR	chr7	55201178	55201365	25	0
EGFR	chr7	55201725	55201792	26	0
EGFR	chr7	55202507	55202635	27	0
EGFR	chr7	55205246	55205617	28	0
MIPOL1	chr14	37247889	37247917	3	0
MIPOL1	chr14	37266928	37267179	4	0
MIPOL1	chr14	37268648	37268803	5	0
MIPOL1	chr14	37270410	37270535	6	0
MIPOL1	chr14	37285308	37285457	7	0
MIPOL1	chr14	37308046	37308099	8	0
MIPOL1	chr14	37308339	37308529	9	0
MIPOL1	chr14	37369507	37369634	10	0
MIPOL1	chr14	37422845	37422959	11	0
MIPOL1	chr14	37499898	37500148	12	0
MIPOL1	chr14	37546895	37546971	13	0
NRAS	chr1	114708535	114708664	5	0
NRAS	chr1	114709559	114709738	4	0
NRAS	chr1	114713790	114713988	3	0
NRAS	chr1	114716040	114716160	2	0
GPNMB	chr7	23246858	23246937	1	0
GPNMB	chr7	23253297	23253469	2	0
GPNMB	chr7	23254159	23254322	3	0
GPNMB	chr7	23256882	23257075	4	0
GPNMB	chr7	23259970	23260148	5	0
GPNMB	chr7	23260446	23260783	6	0
GPNMB	chr7	23266507	23266625	7	0
GPNMB	chr7	23267876	23267998	8	0
GPNMB	chr7	23269957	23270185	9	0
GPNMB	chr7	23273511	23273624	10	0
GPNMB	chr7	23274055	23274224	11	0
H3C13	chr1	149813271	149813681	1	0
EPCAM	chr2	47369506	47369591	1	0
EPCAM	chr2	47373453	47373580	2	0
EPCAM	chr2	47373798	47374058	3	0
EPCAM	chr2	47375224	47375309	4	0
EPCAM	chr2	47377004	47377087	5	0
EPCAM	chr2	47378943	47379064	6	0
EPCAM	chr2	47379759	47379979	7	0
EPCAM	chr2	47385156	47385220	8	0
EPCAM	chr2	47386562	47386613	9	0
NSD1	chr5	177135104	177136040	2	0
NSD1	chr5	177191874	177192029	3	0
NSD1	chr5	177204110	177204302	4	0
NSD1	chr5	177209626	177212205	5	0
NSD1	chr5	177235811	177235955	6	0
NSD1	chr5	177238227	177238517	7	0
NSD1	chr5	177239746	177239875	8	0
NSD1	chr5	177244185	177244280	9	0
NSD1	chr5	177246668	177246806	10	0
NSD1	chr5	177248171	177248334	11	0
NSD1	chr5	177251720	177251863	12	0
NSD1	chr5	177256941	177257161	13	0
NSD1	chr5	177259979	177260178	14	0
NSD1	chr5	177267552	177267728	15	0
NSD1	chr5	177269592	177269817	16	0
NSD1	chr5	177273662	177273794	17	0
NSD1	chr5	177280555	177280844	18	0
NSD1	chr5	177282455	177282591	19	0
NSD1	chr5	177283777	177283938	20	0
NSD1	chr5	177288809	177288935	21	0
NSD1	chr5	177291944	177292168	22	0
NSD1	chr5	177293822	177295459	23	0
NSD2	chr4	1900655	1901261	2	0
NSD2	chr4	1904206	1904388	3	0
NSD2	chr4	1916861	1917047	4	0
NSD2	chr4	1918131	1918633	5	0
NSD2	chr4	1930616	1930780	6	0
NSD2	chr4	1935134	1935272	7	0
NSD2	chr4	1938441	1938542	8	0
NSD2	chr4	1939644	1939788	9	0
NSD2	chr4	1951062	1951213	10	0
NSD2	chr4	1952098	1952241	11	0
NSD2	chr4	1953314	1953534	12	0
NSD2	chr4	1955151	1955350	13	0
NSD2	chr4	1955683	1955859	14	0
NSD2	chr4	1955973	1956198	15	0
NSD2	chr4	1957923	1958046	16	0
NSD2	chr4	1959461	1959750	17	0
NSD2	chr4	1961025	1961161	18	0
NSD2	chr4	1974853	1975014	19	0
NSD2	chr4	1975284	1975410	20	0
NSD2	chr4	1976465	1976689	21	0
NSD2	chr4	1978628	1978909	22	0
SPOP	chr17	49600378	49600532	10	0
SPOP	chr17	49601855	49602017	9	0
SPOP	chr17	49607240	49607382	8	0
SPOP	chr17	49607864	49607939	7	0
SPOP	chr17	49611270	49611467	6	0
SPOP	chr17	49618971	49619118	5	0
SPOP	chr17	49619224	49619395	4	0
SPOP	chr17	49621936	49622077	3	0
SPOP	chr17	49622723	49622810	2	0
PMS2	chr7	5973399	5973552	15	0
PMS2	chr7	5977578	5977767	14	0
PMS2	chr7	5978586	5978706	13	0
PMS2	chr7	5982814	5983001	12	0
PMS2	chr7	5986749	5987630	11	0
PMS2	chr7	5989790	5989965	10	0
PMS2	chr7	5991963	5992067	9	0
PMS2	chr7	5995524	5995643	8	0
PMS2	chr7	5997316	5997433	7	0
PMS2	chr7	5999098	5999285	6	0
PMS2	chr7	6002443	6002646	5	0
PMS2	chr7	6003680	6003802	4	0
PMS2	chr7	6003962	6004068	3	0
PMS2	chr7	6005882	6006041	2	0
PMS2	chr7	6008987	6009019	1	0
DMD	chrX	31121919	31121940	79	0
DMD	chrX	31126632	31126683	78	0
DMD	chrX	31134092	31134204	77	0
DMD	chrX	31146281	31146424	76	0
DMD	chrX	31147265	31147528	75	0
DMD	chrX	31169433	31169611	74	0
DMD	chrX	31172338	31172423	73	0
DMD	chrX	31173529	31173614	72	0
DMD	chrX	31177922	31177980	71	0
DMD	chrX	31178659	31178815	70	0
DMD	chrX	31180360	31180491	69	0
DMD	chrX	31182728	31182914	68	0
DMD	chrX	31203951	31204128	67	0
DMD	chrX	31206572	31206677	66	0
DMD	chrX	31209488	31209709	65	0
DMD	chrX	31223037	31223131	64	0
DMD	chrX	31260945	31261026	63	0
DMD	chrX	31323588	31323668	62	0
DMD	chrX	31348546	31348644	61	0
DMD	chrX	31444471	31444637	60	0
DMD	chrX	31478096	31478384	59	0
DMD	chrX	31478973	31479113	58	0
DMD	chrX	31496778	31496954	57	0
DMD	chrX	31507271	31507463	56	0
DMD	chrX	31627663	31627872	55	0
DMD	chrX	31657980	31658154	54	0
DMD	chrX	31679365	31679596	53	0
DMD	chrX	31729621	31729758	52	0
DMD	chrX	31773950	31774202	51	0
DMD	chrX	31819965	31820093	50	0
DMD	chrX	31836708	31836829	49	0
DMD	chrX	31875178	31875383	48	0
DMD	chrX	31929586	31929755	47	0
DMD	chrX	31932070	31932237	46	0
DMD	chrX	31968329	31968524	45	0
DMD	chrX	32216906	32217073	44	0
DMD	chrX	32287519	32287711	43	0
DMD	chrX	32310072	32310286	42	0
DMD	chrX	32342090	32342292	41	0
DMD	chrX	32343124	32343296	40	0
DMD	chrX	32345933	32346090	39	0
DMD	chrX	32348396	32348538	38	0
DMD	chrX	32362778	32362968	37	0
DMD	chrX	32364572	32364720	36	0
DMD	chrX	32365010	32365209	35	0
DMD	chrX	32380500	32380690	34	0
DMD	chrX	32386300	32386475	33	0
DMD	chrX	32389491	32389684	32	0
DMD	chrX	32390061	32390191	31	0
DMD	chrX	32411742	32411923	30	0
DMD	chrX	32438231	32438400	29	0
DMD	chrX	32441170	32441324	28	0
DMD	chrX	32448446	32448648	27	0
DMD	chrX	32454652	32454842	26	0
DMD	chrX	32463429	32463604	25	0
DMD	chrX	32464576	32464709	24	0
DMD	chrX	32468488	32468720	23	0
DMD	chrX	32472154	32472319	22	0
DMD	chrX	32484909	32485109	21	0
DMD	chrX	32491267	32491528	20	0
DMD	chrX	32501745	32501852	19	0
DMD	chrX	32517998	32518141	18	0
DMD	chrX	32545149	32545344	17	0
DMD	chrX	32565692	32565891	16	0
DMD	chrX	32573520	32573647	15	0
DMD	chrX	32573735	32573856	14	0
DMD	chrX	32595747	32595886	13	0
DMD	chrX	32614293	32614463	12	0
DMD	chrX	32644122	32644323	11	0
DMD	chrX	32644954	32645162	10	0
DMD	chrX	32697860	32698008	9	0
DMD	chrX	32699102	32699303	8	0
DMD	chrX	32809483	32809621	7	0
DMD	chrX	32816458	32816650	6	0
DMD	chrX	32823285	32823397	5	0
DMD	chrX	32844773	32844870	4	0
DMD	chrX	32849718	32849830	3	0
DMD	chrX	33020129	33020210	2	0
DMD	chrX	33211272	33211312	1	0
BRD7	chr16	50319211	50319276	17	0
BRD7	chr16	50319877	50320040	16	0
BRD7	chr16	50320238	50320401	15	0
BRD7	chr16	50320653	50320784	14	0
BRD7	chr16	50321972	50322048	13	0
BRD7	chr16	50323577	50323708	12	0
BRD7	chr16	50325738	50325893	11	0
BRD7	chr16	50326274	50326401	10	0
BRD7	chr16	50328659	50328754	9	0
BRD7	chr16	50333564	50333707	8	0
BRD7	chr16	50334701	50334905	7	0
BRD7	chr16	50339966	50340096	6	0
BRD7	chr16	50350013	50350177	5	0
BRD7	chr16	50354415	50354492	4	0
BRD7	chr16	50354783	50354932	3	0
BRD7	chr16	50368080	50368308	2	0
BRD7	chr16	50368716	50368774	1	0
RABAC1	chr19	41956846	41956944	5	0
RABAC1	chr19	41957008	41957129	4	0
RABAC1	chr19	41958276	41958393	3	0
RABAC1	chr19	41958726	41958958	2	0
RABAC1	chr19	41959227	41959292	1	0
SF3B1	chr2	197392303	197392471	25	0
SF3B1	chr2	197392962	197393198	24	0
SF3B1	chr2	197396046	197396338	23	0
SF3B1	chr2	197397975	197398126	22	0
SF3B1	chr2	197398451	197398591	21	0
SF3B1	chr2	197400045	197400176	20	0
SF3B1	chr2	197400242	197400444	19	0
SF3B1	chr2	197400705	197400946	18	0
SF3B1	chr2	197401390	197401535	17	0
SF3B1	chr2	197401732	197401898	16	0
SF3B1	chr2	197401975	197402140	15	0
SF3B1	chr2	197402546	197402836	14	0
SF3B1	chr2	197402939	197403045	13	0
SF3B1	chr2	197403575	197403774	12	0
SF3B1	chr2	197405066	197405187	11	0
SF3B1	chr2	197405265	197405482	10	0
SF3B1	chr2	197407988	197408129	9	0
SF3B1	chr2	197408359	197408591	8	0
SF3B1	chr2	197409760	197410017	7	0
SF3B1	chr2	197416731	197416921	6	0
SF3B1	chr2	197418499	197418598	5	0
SF3B1	chr2	197420418	197420552	4	0
SF3B1	chr2	197421019	197421143	3	0
SF3B1	chr2	197423798	197423984	2	0
SF3B1	chr2	197434962	197434999	1	0
CSMD1	chr8	2938585	2938754	70	0
CSMD1	chr8	2942462	2942614	69	0
CSMD1	chr8	2949289	2949396	68	0
CSMD1	chr8	2950221	2950353	67	0
CSMD1	chr8	2951104	2951285	66	0
CSMD1	chr8	2954214	2954278	65	0
CSMD1	chr8	2955579	2955778	64	0
CSMD1	chr8	2957686	2957817	63	0
CSMD1	chr8	2961131	2961224	62	0
CSMD1	chr8	2962456	2962649	61	0
CSMD1	chr8	2963212	2963405	60	0
CSMD1	chr8	2965765	2965964	59	0
CSMD1	chr8	2966560	2966756	58	0
CSMD1	chr8	2973107	2973309	57	0
CSMD1	chr8	2974441	2974634	56	0
CSMD1	chr8	2978602	2978810	55	0
CSMD1	chr8	2998001	2998194	54	0
CSMD1	chr8	2999948	3000141	53	0
CSMD1	chr8	3018467	3018660	52	0
CSMD1	chr8	3029309	3029523	51	0
CSMD1	chr8	3052452	3052657	50	0
CSMD1	chr8	3087087	3087295	49	0
CSMD1	chr8	3091506	3091672	48	0
CSMD1	chr8	3096839	3097047	47	0
CSMD1	chr8	3106518	3106651	46	0
CSMD1	chr8	3107708	3107808	45	0
CSMD1	chr8	3108593	3108758	44	0
CSMD1	chr8	3110148	3110345	43	0
CSMD1	chr8	3118389	3118597	42	0
CSMD1	chr8	3142455	3142684	41	0
CSMD1	chr8	3151387	3151523	40	0
CSMD1	chr8	3157887	3157976	39	0
CSMD1	chr8	3162149	3162287	38	0
CSMD1	chr8	3181100	3181224	37	0
CSMD1	chr8	3187859	3187975	36	0
CSMD1	chr8	3188877	3189021	35	0
CSMD1	chr8	3189902	3190125	34	0
CSMD1	chr8	3199704	3199819	33	0
CSMD1	chr8	3201602	3201735	32	0
CSMD1	chr8	3205494	3205630	31	0
CSMD1	chr8	3214487	3214701	30	0
CSMD1	chr8	3219245	3219452	29	0
CSMD1	chr8	3223719	3223877	28	0
CSMD1	chr8	3230030	3230241	27	0
CSMD1	chr8	3284134	3284356	26	0
CSMD1	chr8	3307685	3307831	25	0
CSMD1	chr8	3308302	3308513	24	0
CSMD1	chr8	3343284	3343460	23	0
CSMD1	chr8	3347982	3348171	22	0
CSMD1	chr8	3359142	3359350	21	0
CSMD1	chr8	3367022	3367257	20	0
CSMD1	chr8	3369244	3369380	19	0
CSMD1	chr8	3387484	3387692	18	0
CSMD1	chr8	3396184	3396391	17	0
CSMD1	chr8	3399381	3399539	16	0
CSMD1	chr8	3406017	3406231	15	0
CSMD1	chr8	3407889	3408235	14	0
CSMD1	chr8	3409413	3409615	13	0
CSMD1	chr8	3468702	3468834	12	0
CSMD1	chr8	3493613	3493736	11	0
CSMD1	chr8	3574935	3575076	10	0
CSMD1	chr8	3586126	3586270	9	0
CSMD1	chr8	3616700	3616807	8	0
CSMD1	chr8	3708404	3708501	7	0
CSMD1	chr8	3753920	3754052	6	0
CSMD1	chr8	3997893	3998120	5	0
CSMD1	chr8	4031895	4032109	4	0
CSMD1	chr8	4419943	4420075	3	0
CSMD1	chr8	4637332	4637568	2	0
CSMD1	chr8	4994322	4994416	1	0
PMS1	chr2	189791810	189791951	2	0
PMS1	chr2	189795759	189795961	3	0
PMS1	chr2	189805642	189805764	4	0
PMS1	chr2	189818007	189818190	5	0
PMS1	chr2	189843954	189844090	6	0
PMS1	chr2	189852645	189852787	7	0
PMS1	chr2	189853929	189854092	8	0
PMS1	chr2	189854229	189855138	9	0
PMS1	chr2	189863733	189864238	10	0
PMS1	chr2	189867789	189867939	11	0
PMS1	chr2	189873486	189873666	12	0
PMS1	chr2	189877262	189877436	13	0
ZIM3	chr19	57134918	57136105	5	0
ZIM3	chr19	57136863	57136981	4	0
ZIM3	chr19	57138462	57138608	3	0
ZIM3	chr19	57142619	57142643	2	0
WWOX	chr16	78099779	78099895	1	0
WWOX	chr16	78108413	78108497	2	0
WWOX	chr16	78109768	78109845	3	0
WWOX	chr16	78114966	78115164	4	0
WWOX	chr16	78164173	78164299	5	0
WWOX	chr16	78386850	78386958	6	0
WWOX	chr16	78424860	78425065	7	0
WWOX	chr16	78432478	78432762	8	0
WWOX	chr16	79211598	79211796	9	0
CDKN2B	chr9	22005987	22006257	2	0
CDKN2B	chr9	22008788	22008953	1	0
CDKN2C	chr1	50970369	50970507	1	0
CDKN2C	chr1	50973883	50974270	2	0
CDKN2A	chr9	21968229	21968252	3	0
CDKN2A	chr9	21970892	21971218	2	0
CDKN2A	chr9	21974668	21974827	1	0
MGMT	chr10	129536253	129536387	2	0
MGMT	chr10	129707885	129708053	3	0
MGMT	chr10	129759192	129759351	4	0
MGMT	chr10	129766778	129766997	5	0
USP9X	chrX	41123629	41123734	2	0
USP9X	chrX	41128990	41129155	3	0
USP9X	chrX	41131447	41131546	4	0
USP9X	chrX	41134715	41134847	5	0
USP9X	chrX	41136794	41137032	6	0
USP9X	chrX	41140646	41140781	7	0
USP9X	chrX	41140956	41141227	8	0
USP9X	chrX	41141283	41141441	9	0
USP9X	chrX	41143281	41143453	10	0
USP9X	chrX	41144512	41144636	11	0
USP9X	chrX	41148359	41148585	12	0
USP9X	chrX	41150911	41151067	13	0
USP9X	chrX	41152938	41153091	14	0
USP9X	chrX	41162780	41162887	15	0
USP9X	chrX	41165862	41166224	16	0
USP9X	chrX	41167472	41167587	17	0
USP9X	chrX	41167997	41168228	18	0
USP9X	chrX	41169985	41170245	19	0
USP9X	chrX	41170460	41170629	20	0
USP9X	chrX	41171828	41171968	21	0
USP9X	chrX	41183988	41184138	22	0
USP9X	chrX	41184387	41184685	23	0
USP9X	chrX	41186507	41186652	24	0
USP9X	chrX	41187982	41188127	25	0
USP9X	chrX	41189299	41189485	26	0
USP9X	chrX	41196241	41196369	27	0
USP9X	chrX	41196582	41196748	28	0
USP9X	chrX	41197354	41197520	29	0
USP9X	chrX	41198518	41198760	30	0
USP9X	chrX	41201050	41201290	31	0
USP9X	chrX	41205293	41205503	32	0
USP9X	chrX	41210499	41210692	33	0
USP9X	chrX	41214558	41214719	34	0
USP9X	chrX	41215889	41216662	35	0
USP9X	chrX	41217210	41217353	36	0
USP9X	chrX	41218362	41218607	37	0
USP9X	chrX	41219092	41219241	38	0
USP9X	chrX	41223207	41223412	39	0
USP9X	chrX	41224732	41224972	40	0
USP9X	chrX	41225039	41225147	41	0
USP9X	chrX	41229243	41229419	42	0
USP9X	chrX	41229557	41229789	43	0
USP9X	chrX	41230491	41230606	44	0
USP9X	chrX	41232377	41232524	45	0
STAT3	chr17	42315745	42315810	24	0
STAT3	chr17	42316779	42316911	23	0
STAT3	chr17	42317172	42317234	22	0
STAT3	chr17	42322272	42322504	21	0
STAT3	chr17	42322994	42323153	20	0
STAT3	chr17	42323250	42323364	19	0
STAT3	chr17	42323563	42323635	18	0
STAT3	chr17	42324701	42324856	17	0
STAT3	chr17	42324953	42325071	16	0
STAT3	chr17	42326106	42326209	15	0
STAT3	chr17	42329400	42329467	14	0
STAT3	chr17	42329544	42329657	13	0
STAT3	chr17	42329737	42329786	12	0
STAT3	chr17	42331462	42331541	11	0
STAT3	chr17	42333663	42333775	10	0
STAT3	chr17	42333881	42334059	9	0
STAT3	chr17	42337425	42337596	8	0
STAT3	chr17	42337753	42337867	7	0
STAT3	chr17	42338721	42338822	6	0
STAT3	chr17	42339304	42339419	5	0
STAT3	chr17	42345549	42345667	4	0
STAT3	chr17	42346559	42346723	3	0
STAT3	chr17	42348379	42348516	2	0
ADAM30	chr1	119893964	119896336	1	0
IGLL5	chr22	22888054	22888269	1	0
IGLL5	chr22	22893690	22893828	2	0
IGLL5	chr22	22895365	22895694	3	0
AGBL4	chr1	48534173	48534303	14	0
AGBL4	chr1	48534880	48534926	13	0
AGBL4	chr1	48539632	48539748	12	0
AGBL4	chr1	48586994	48587176	11	0
AGBL4	chr1	48590823	48590995	10	0
AGBL4	chr1	48634483	48634614	9	0
AGBL4	chr1	48653327	48653461	8	0
AGBL4	chr1	48663142	48663251	7	0
AGBL4	chr1	48867181	48867240	6	0
AGBL4	chr1	49045574	49045810	5	0
AGBL4	chr1	49245760	49245874	4	0
AGBL4	chr1	49697303	49697447	3	0
AGBL4	chr1	49851386	49851528	2	0
AGBL4	chr1	50023753	50023796	1	0
NFIB	chr9	14088309	14088336	11	0
NFIB	chr9	14112989	14113091	10	0
NFIB	chr9	14116198	14116356	9	0
NFIB	chr9	14120430	14120634	8	0
NFIB	chr9	14125622	14125776	7	0
NFIB	chr9	14146679	14146817	6	0
NFIB	chr9	14150135	14150275	5	0
NFIB	chr9	14155815	14155903	4	0
NFIB	chr9	14179717	14179790	3	0
NFIB	chr9	14306979	14307530	2	0
NFIB	chr9	14313472	14313511	1	0
WT1	chr11	32389058	32389189	10	0
WT1	chr11	32391962	32392074	9	0
WT1	chr11	32392656	32392765	8	0
WT1	chr11	32396247	32396417	7	0
WT1	chr11	32399938	32400054	6	0
WT1	chr11	32416480	32416550	5	0
WT1	chr11	32417567	32417664	4	0
WT1	chr11	32427946	32428068	3	0
WT1	chr11	32428487	32428629	2	0
WT1	chr11	32434690	32435360	1	0
ETNK1	chr12	22625431	22625596	1	0
ETNK1	chr12	22643753	22644032	2	0
ETNK1	chr12	22659004	22659164	3	0
ETNK1	chr12	22661053	22661215	4	0
ETNK1	chr12	22671262	22671365	5	0
ETNK1	chr12	22673490	22673670	6	0
ETNK1	chr12	22684473	22684566	7	0
ETNK1	chr12	22684872	22684954	8	0
ZNF217	chr20	53571744	53571863	5	0
ZNF217	chr20	53575717	53577290	4	0
ZNF217	chr20	53578324	53578460	3	0
ZNF217	chr20	53581451	53582826	2	0
CRLF2	chrX	1190897	1191170	8	0
CRLF2	chrX	1193208	1193312	7	0
CRLF2	chrX	1196770	1196910	6	0
CRLF2	chrX	1198552	1198734	5	0
CRLF2	chrX	1202392	1202545	4	0
CRLF2	chrX	1206423	1206609	3	0
CRLF2	chrX	1208796	1208918	2	0
CRLF2	chrX	1212546	1212634	1	0
MRE11	chr11	94420125	94420191	20	0
MRE11	chr11	94429901	94429996	19	0
MRE11	chr11	94435822	94435909	18	0
MRE11	chr11	94437167	94437245	17	0
MRE11	chr11	94445800	94445903	16	0
MRE11	chr11	94447209	94447448	15	0
MRE11	chr11	94456266	94456348	14	0
MRE11	chr11	94459398	94459591	13	0
MRE11	chr11	94460926	94461046	12	0
MRE11	chr11	94464103	94464249	11	0
MRE11	chr11	94467803	94467903	10	0
MRE11	chr11	94470461	94470652	9	0
MRE11	chr11	94471564	94471769	8	0
MRE11	chr11	94476279	94476413	7	0
MRE11	chr11	94478725	94478886	6	0
MRE11	chr11	94479664	94479771	5	0
MRE11	chr11	94485914	94486094	4	0
MRE11	chr11	94490823	94490975	3	0
MRE11	chr11	94492772	94492801	2	0
CSF3R	chr1	36466357	36466837	17	0
CSF3R	chr1	36467220	36467321	16	0
CSF3R	chr1	36467548	36467661	15	0
CSF3R	chr1	36467812	36467972	14	0
CSF3R	chr1	36468065	36468231	13	0
CSF3R	chr1	36469146	36469267	12	0
CSF3R	chr1	36469642	36469850	11	0
CSF3R	chr1	36471423	36471656	10	0
CSF3R	chr1	36472056	36472149	9	0
CSF3R	chr1	36472228	36472401	8	0
CSF3R	chr1	36472507	36472696	7	0
CSF3R	chr1	36473425	36473632	6	0
CSF3R	chr1	36473754	36473897	5	0
CSF3R	chr1	36475367	36475683	4	0
CSF3R	chr1	36479423	36479496	3	0
TPMT	chr6	18130668	18130790	9	0
TPMT	chr6	18132123	18132187	8	0
TPMT	chr6	18133794	18133899	7	0
TPMT	chr6	18138953	18139047	6	0
TPMT	chr6	18139655	18139727	5	0
TPMT	chr6	18143586	18143738	4	0
TPMT	chr6	18147813	18147925	3	0
TPMT	chr6	18148978	18149127	2	0
ZBTB20	chr3	114339005	114339436	12	0
ZBTB20	chr3	114350264	114351888	11	0
ZBTB20	chr3	114380207	114380414	10	0
ZBTB20	chr3	114380767	114380787	9	0
IRS2	chr13	109756304	109756318	2	0
IRS2	chr13	109782032	109786053	1	0
FOXQ1	chr6	1312705	1313916	1	0
STK11	chr19	1206914	1207213	1	0
STK11	chr19	1218407	1218510	2	0
STK11	chr19	1219314	1219423	3	0
STK11	chr19	1220363	1220515	4	0
STK11	chr19	1220571	1220727	5	0
STK11	chr19	1221203	1221350	6	0
STK11	chr19	1221939	1222016	7	0
STK11	chr19	1222975	1223182	8	0
STK11	chr19	1226444	1226647	9	0
CDH1	chr16	68737416	68737473	1	0
CDH1	chr16	68738287	68738421	2	0
CDH1	chr16	68801660	68801903	3	0
CDH1	chr16	68808414	68808577	4	0
CDH1	chr16	68808683	68808858	5	0
CDH1	chr16	68810187	68810351	6	0
CDH1	chr16	68811674	68811869	7	0
CDH1	chr16	68812125	68812273	8	0
CDH1	chr16	68813303	68813505	9	0
CDH1	chr16	68815505	68815769	10	0
CDH1	chr16	68819270	68819435	11	0
CDH1	chr16	68821991	68822235	12	0
CDH1	chr16	68823389	68823636	13	0
CDH1	chr16	68828164	68828314	14	0
CDH1	chr16	68829644	68829807	15	0
CDH1	chr16	68833280	68833499	16	0
FNTB	chr14	64986954	64987107	1	0
FNTB	chr14	65004239	65004323	2	0
FNTB	chr14	65012307	65012399	3	0
FNTB	chr14	65015615	65015726	4	0
FNTB	chr14	65027443	65027609	5	0
FNTB	chr14	65027688	65027791	6	0
FNTB	chr14	65032600	65032706	7	0
FNTB	chr14	65040780	65040929	8	0
FNTB	chr14	65044301	65044453	9	0
FNTB	chr14	65053228	65053359	10	0
FNTB	chr14	65054565	65054699	11	0
FNTB	chr14	65061171	65061312	12	0
PIM1	chr6	37170576	37170667	1	0
PIM1	chr6	37170763	37170889	2	0
PIM1	chr6	37170971	37171041	3	0
PIM1	chr6	37171115	37171501	4	0
PIM1	chr6	37172986	37173182	5	0
PIM1	chr6	37173924	37174091	6	0
MACROD2	chr20	13995764	13995819	1	0
MACROD2	chr20	14002278	14002414	2	0
MACROD2	chr20	14085611	14085738	3	0
MACROD2	chr20	14493469	14493518	4	0
MACROD2	chr20	14684833	14684969	5	0
MACROD2	chr20	15229930	15230071	6	0
MACROD2	chr20	15431395	15431445	7	0
MACROD2	chr20	15499764	15499857	8	0
MACROD2	chr20	15862735	15862836	9	0
MACROD2	chr20	15885754	15885821	10	0
MACROD2	chr20	15933266	15933348	11	0
MACROD2	chr20	15937466	15937554	12	0
MACROD2	chr20	15967543	15967640	13	0
MACROD2	chr20	15986717	15986811	14	0
MACROD2	chr20	15987056	15987168	15	0
MACROD2	chr20	16041191	16041288	16	0
MACROD2	chr20	16044561	16044649	17	0
MACROD2	chr20	16049820	16049876	18	0
NBN	chr8	89935582	89935622	16	0
NBN	chr8	89937016	89937085	15	0
NBN	chr8	89943243	89943376	14	0
NBN	chr8	89946130	89946305	13	0
NBN	chr8	89947814	89947902	12	0
NBN	chr8	89953234	89953701	11	0
NBN	chr8	89955273	89955565	10	0
NBN	chr8	89958715	89958864	9	0
NBN	chr8	89964400	89964517	8	0
NBN	chr8	89970354	89970567	7	0
NBN	chr8	89971163	89971300	6	0
NBN	chr8	89978210	89978333	5	0
NBN	chr8	89980724	89980903	4	0
NBN	chr8	89981365	89981533	3	0
NBN	chr8	89982712	89982865	2	0
NBN	chr8	89984515	89984561	1	0
ROS1	chr6	117288492	117288812	44	0
ROS1	chr6	117300964	117301147	43	0
ROS1	chr6	117308784	117308938	42	0
ROS1	chr6	117310071	117310291	41	0
ROS1	chr6	117311010	117311127	40	0
ROS1	chr6	117317133	117317282	39	0
ROS1	chr6	117318178	117318262	38	0
ROS1	chr6	117319858	117320040	37	0
ROS1	chr6	117321249	117321404	36	0
ROS1	chr6	117324322	117324425	35	0
ROS1	chr6	117326214	117326424	34	0
ROS1	chr6	117329319	117329456	33	0
ROS1	chr6	117337162	117337350	32	0
ROS1	chr6	117341125	117341321	31	0
ROS1	chr6	117341390	117341642	30	0
ROS1	chr6	117342390	117342554	29	0
ROS1	chr6	117344050	117344272	28	0
ROS1	chr6	117352980	117353176	27	0
ROS1	chr6	117356619	117356925	26	0
ROS1	chr6	117357794	117358019	25	0
ROS1	chr6	117359799	117360021	24	0
ROS1	chr6	117360332	117360415	23	0
ROS1	chr6	117362593	117362875	22	0
ROS1	chr6	117365050	117365214	21	0
ROS1	chr6	117365571	117365751	20	0
ROS1	chr6	117366066	117366300	19	0
ROS1	chr6	117379049	117379169	18	0
ROS1	chr6	117383307	117383518	17	0
ROS1	chr6	117385673	117385871	16	0
ROS1	chr6	117386879	117387009	15	0
ROS1	chr6	117387770	117388002	14	0
ROS1	chr6	117389340	117389856	13	0
ROS1	chr6	117393214	117393331	12	0
ROS1	chr6	117394152	117394356	11	0
ROS1	chr6	117394606	117394748	10	0
ROS1	chr6	117396178	117396274	9	0
ROS1	chr6	117396905	117397126	8	0
ROS1	chr6	117403129	117403287	7	0
ROS1	chr6	117404270	117404438	6	0
ROS1	chr6	117409572	117409652	5	0
ROS1	chr6	117414509	117414555	4	0
ROS1	chr6	117416248	117416327	3	0
ROS1	chr6	117418452	117418516	2	0
ROS1	chr6	117425524	117425656	1	0
GTF2I	chr7	74689129	74689237	2	0
GTF2I	chr7	74690963	74691121	3	0
GTF2I	chr7	74698951	74699105	4	0
GTF2I	chr7	74700237	74700440	5	0
GTF2I	chr7	74700596	74700644	6	0
GTF2I	chr7	74705154	74705228	7	0
GTF2I	chr7	74706380	74706443	8	0
GTF2I	chr7	74711022	74711119	9	0
GTF2I	chr7	74714847	74714926	10	0
GTF2I	chr7	74716884	74716960	11	0
GTF2I	chr7	74718869	74718951	12	0
GTF2I	chr7	74728776	74728906	13	0
GTF2I	chr7	74730219	74730304	14	0
GTF2I	chr7	74732469	74732672	15	0
GTF2I	chr7	74733913	74733991	16	0
GTF2I	chr7	74735451	74735542	17	0
GTF2I	chr7	74736490	74736693	18	0
GTF2I	chr7	74738035	74738113	19	0
GTF2I	chr7	74743439	74743530	20	0
GTF2I	chr7	74744748	74744951	21	0
GTF2I	chr7	74745873	74745951	22	0
GTF2I	chr7	74746327	74746421	23	0
GTF2I	chr7	74748005	74748126	24	0
GTF2I	chr7	74749015	74749100	25	0
GTF2I	chr7	74749258	74749461	26	0
GTF2I	chr7	74751351	74751426	27	0
GTF2I	chr7	74752080	74752180	28	0
GTF2I	chr7	74753084	74753187	29	0
GTF2I	chr7	74753836	74754039	30	0
GTF2I	chr7	74755499	74755547	31	0
GTF2I	chr7	74756810	74756871	32	0
GTF2I	chr7	74757949	74758010	33	0
GTF2I	chr7	74758770	74758838	34	0
MEN1	chr11	64804334	64804826	10	0
MEN1	chr11	64805024	64805208	9	0
MEN1	chr11	64805625	64805780	8	0
MEN1	chr11	64806222	64806378	7	0
MEN1	chr11	64807001	64807108	6	0
MEN1	chr11	64807169	64807229	5	0
MEN1	chr11	64807542	64807690	4	0
MEN1	chr11	64807881	64808109	3	0
MEN1	chr11	64809655	64810109	2	0
USP8	chr15	50439074	50439187	2	0
USP8	chr15	50441339	50441503	3	0
USP8	chr15	50449390	50449495	4	0
USP8	chr15	50458990	50459172	5	0
USP8	chr15	50462270	50462332	6	0
USP8	chr15	50465037	50465201	7	0
USP8	chr15	50471623	50471805	8	0
USP8	chr15	50476839	50477003	9	0
USP8	chr15	50477266	50477509	10	0
USP8	chr15	50481471	50482075	11	0
USP8	chr15	50484265	50484371	12	0
USP8	chr15	50489791	50489891	13	0
USP8	chr15	50490253	50490535	14	0
USP8	chr15	50492691	50492923	15	0
USP8	chr15	50494060	50494290	16	0
USP8	chr15	50495838	50496094	17	0
USP8	chr15	50497079	50497241	18	0
USP8	chr15	50498586	50498738	19	0
USP8	chr15	50498893	50499088	20	0
MAP2K4	chr17	12020887	12021011	1	0
MAP2K4	chr17	12054879	12055001	2	0
MAP2K4	chr17	12081346	12081540	3	0
MAP2K4	chr17	12095565	12095704	4	0
MAP2K4	chr17	12107780	12107919	5	0
MAP2K4	chr17	12110365	12110436	6	0
MAP2K4	chr17	12113223	12113370	7	0
MAP2K4	chr17	12125284	12125381	8	0
MAP2K4	chr17	12129129	12129297	9	0
MAP2K4	chr17	12139829	12139894	10	0
MAP2K4	chr17	12141137	12141260	11	0
RNF43	chr17	58354943	58354996	10	0
RNF43	chr17	58357458	58358833	9	0
RNF43	chr17	58360139	58360261	8	0
RNF43	chr17	58360773	58360954	7	0
RNF43	chr17	58362534	58362658	6	0
RNF43	chr17	58363265	58363416	5	0
RNF43	chr17	58363516	58363610	4	0
RNF43	chr17	58370901	58371043	3	0
RNF43	chr17	58415316	58415577	2	0
MAP2K1	chr15	66387348	66387437	1	0
MAP2K1	chr15	66435017	66435247	2	0
MAP2K1	chr15	66436736	66436902	3	0
MAP2K1	chr15	66443270	66443367	4	0
MAP2K1	chr15	66444646	66444717	5	0
MAP2K1	chr15	66481745	66481889	6	0
MAP2K1	chr15	66484980	66485201	7	0
MAP2K1	chr15	66487218	66487302	8	0
MAP2K1	chr15	66489205	66489286	9	0
MAP2K1	chr15	66489708	66489773	10	0
MAP2K1	chr15	66490492	66490615	11	0
MAP2K2	chr19	4090598	4090718	11	0
MAP2K2	chr19	4094443	4094508	10	0
MAP2K2	chr19	4095378	4095459	9	0
MAP2K2	chr19	4097269	4097353	8	0
MAP2K2	chr19	4099191	4099424	7	0
MAP2K2	chr19	4101009	4101153	6	0
MAP2K2	chr19	4101219	4101290	5	0
MAP2K2	chr19	4102366	4102463	4	0
MAP2K2	chr19	4110499	4110665	3	0
MAP2K2	chr19	4117409	4117639	2	0
MAP2K2	chr19	4123774	4123875	1	0
FBXW7	chr4	152322881	152323159	14	0
FBXW7	chr4	152324174	152324404	13	0
FBXW7	chr4	152325996	152326241	12	0
FBXW7	chr4	152328198	152328399	11	0
FBXW7	chr4	152329662	152329795	10	0
FBXW7	chr4	152330722	152330878	9	0
FBXW7	chr4	152332586	152332729	8	0
FBXW7	chr4	152337792	152337946	7	0
FBXW7	chr4	152346920	152347081	6	0
FBXW7	chr4	152350032	152350134	5	0
FBXW7	chr4	152411293	152411803	4	0
MITF	chr3	69739598	69739711	1	0
MITF	chr3	69879124	69879393	2	0
MITF	chr3	69937812	69938059	3	0
MITF	chr3	69939088	69939191	4	0
MITF	chr3	69941226	69941341	5	0
MITF	chr3	69949041	69949178	6	0
MITF	chr3	69951802	69951896	7	0
MITF	chr3	69956445	69956540	8	0
MITF	chr3	69959263	69959430	9	0
MITF	chr3	69964837	69965248	10	0
FBXO11	chr2	47808118	47808257	23	0
FBXO11	chr2	47808319	47808437	22	0
FBXO11	chr2	47809148	47809276	21	0
FBXO11	chr2	47809590	47809717	20	0
FBXO11	chr2	47810306	47810436	19	0
FBXO11	chr2	47813224	47813387	18	0
FBXO11	chr2	47813781	47813877	17	0
FBXO11	chr2	47818769	47818874	16	0
FBXO11	chr2	47818946	47819088	15	0
FBXO11	chr2	47820352	47820466	14	0
FBXO11	chr2	47822208	47822313	13	0
FBXO11	chr2	47823133	47823370	12	0
FBXO11	chr2	47832339	47832496	11	0
FBXO11	chr2	47832562	47832688	10	0
FBXO11	chr2	47832759	47832890	9	0
FBXO11	chr2	47832954	47833080	8	0
FBXO11	chr2	47834569	47834721	7	0
FBXO11	chr2	47834778	47834881	6	0
FBXO11	chr2	47835862	47836011	5	0
FBXO11	chr2	47838849	47839013	4	0
FBXO11	chr2	47839409	47839510	3	0
FBXO11	chr2	47839632	47839779	2	0
FBXO11	chr2	47905479	47905720	1	0
FOXP1	chr3	70959247	70959401	21	0
FOXP1	chr3	70965880	70966066	20	0
FOXP1	chr3	70970726	70970815	19	0
FOXP1	chr3	70972545	70972686	18	0
FOXP1	chr3	70976931	70977052	17	0
FOXP1	chr3	70977633	70977732	16	0
FOXP1	chr3	70977818	70978039	15	0
FOXP1	chr3	70987984	70988087	14	0
FOXP1	chr3	71000962	71001069	13	0
FOXP1	chr3	71015539	71015663	12	0
FOXP1	chr3	71041318	71041542	11	0
FOXP1	chr3	71046932	71047105	10	0
FOXP1	chr3	71052527	71052636	9	0
FOXP1	chr3	71053626	71053783	8	0
FOXP1	chr3	71112526	71112647	7	0
FOXP1	chr3	71198192	71198381	6	0
MSH6	chr2	47783234	47783503	1	0
MSH6	chr2	47790917	47791133	2	0
MSH6	chr2	47795884	47796073	3	0
MSH6	chr2	47798601	47801165	4	0
MSH6	chr2	47803410	47803695	5	0
MSH6	chr2	47804900	47805037	6	0
MSH6	chr2	47805608	47805717	7	0
MSH6	chr2	47806194	47806368	8	0
MSH6	chr2	47806442	47806661	9	0
MSH6	chr2	47806769	47806860	10	0
SMO	chr7	129189152	129189492	1	0
SMO	chr7	129203374	129203599	2	0
SMO	chr7	129205193	129205422	3	0
SMO	chr7	129205600	129205792	4	0
SMO	chr7	129206140	129206379	5	0
SMO	chr7	129206454	129206597	6	0
SMO	chr7	129208749	129208861	7	0
SMO	chr7	129209279	129209407	8	0
SMO	chr7	129210353	129210558	9	0
SMO	chr7	129210955	129211123	10	0
SMO	chr7	129211626	129211780	11	0
SMO	chr7	129212014	129212451	12	0
MSH2	chr2	47403192	47403412	1	0
MSH2	chr2	47408391	47408565	2	0
MSH2	chr2	47410084	47410382	3	0
MSH2	chr2	47412404	47412570	4	0
MSH2	chr2	47414259	47414428	5	0
MSH2	chr2	47416286	47416439	6	0
MSH2	chr2	47429732	47429951	7	0
MSH2	chr2	47445538	47445667	8	0
MSH2	chr2	47463021	47463164	9	0
MSH2	chr2	47466648	47466818	10	0
MSH2	chr2	47470955	47471072	11	0
MSH2	chr2	47475015	47475280	12	0
MSH2	chr2	47476357	47476581	13	0
MSH2	chr2	47478262	47478529	14	0
MSH2	chr2	47480686	47480881	15	0
MSH2	chr2	47482769	47482949	16	0
MSH3	chr5	80654728	80654974	1	0
MSH3	chr5	80656401	80656541	2	0
MSH3	chr5	80665133	80665373	3	0
MSH3	chr5	80670087	80670319	4	0
MSH3	chr5	80672234	80672370	5	0
MSH3	chr5	80672731	80672868	6	0
MSH3	chr5	80674973	80675138	7	0
MSH3	chr5	80678917	80679103	8	0
MSH3	chr5	80725443	80725575	9	0
MSH3	chr5	80728841	80728975	10	0
MSH3	chr5	80741454	80741558	11	0
MSH3	chr5	80744496	80744625	12	0
MSH3	chr5	80761536	80761688	13	0
MSH3	chr5	80767923	80768130	14	0
MSH3	chr5	80768825	80769013	15	0
MSH3	chr5	80775684	80775768	16	0
MSH3	chr5	80778710	80778846	17	0
MSH3	chr5	80787555	80787682	18	0
MSH3	chr5	80792723	80792854	19	0
MSH3	chr5	80813574	80813751	20	0
MSH3	chr5	80854120	80854326	21	0
MSH3	chr5	80864803	80864952	22	0
MSH3	chr5	80873106	80873297	23	0
MSH3	chr5	80875741	80875862	24	0
KAT6A	chr8	41932205	41934877	17	0
KAT6A	chr8	41937246	41937578	16	0
KAT6A	chr8	41940832	41941454	15	0
KAT6A	chr8	41942783	41943010	14	0
KAT6A	chr8	41943738	41943989	13	0
KAT6A	chr8	41946581	41946694	12	0
KAT6A	chr8	41947741	41947922	11	0
KAT6A	chr8	41949212	41949373	10	0
KAT6A	chr8	41955286	41955421	9	0
KAT6A	chr8	41974694	41974832	8	0
KAT6A	chr8	41976998	41977337	7	0
KAT6A	chr8	41978632	41978787	6	0
KAT6A	chr8	41980836	41980937	5	0
KAT6A	chr8	41981829	41981964	4	0
KAT6A	chr8	41987445	41987573	3	0
KAT6A	chr8	42048368	42048977	2	0
SRSF2	chr17	76736161	76736474	2	0
SRSF2	chr17	76736789	76737160	1	0
ERF	chr19	42248465	42249748	4	0
ERF	chr19	42249817	42249952	3	0
ERF	chr19	42250321	42250575	2	0
ERF	chr19	42254968	42254999	1	0
ERG	chr21	38383403	38383933	10	0
ERG	chr21	38390985	38391052	9	0
ERG	chr21	38391649	38391725	8	0
ERG	chr21	38392366	38392454	7	0
ERG	chr21	38400564	38400655	6	0
ERG	chr21	38402547	38402647	5	0
ERG	chr21	38403496	38403719	4	0
ERG	chr21	38423400	38423571	3	0
ERG	chr21	38445394	38445631	2	0
ERG	chr21	38498353	38498380	1	0
IL6ST	chr5	55941082	55941829	17	0
IL6ST	chr5	55942660	55942761	16	0
IL6ST	chr5	55947483	55947599	15	0
IL6ST	chr5	55951454	55951614	14	0
IL6ST	chr5	55951919	55952085	13	0
IL6ST	chr5	55952240	55952361	12	0
IL6ST	chr5	55954800	55955002	11	0
IL6ST	chr5	55956015	55956245	10	0
IL6ST	chr5	55957199	55957301	9	0
IL6ST	chr5	55960392	55960571	8	0
IL6ST	chr5	55963342	55963516	7	0
IL6ST	chr5	55964136	55964322	6	0
IL6ST	chr5	55968266	55968406	5	0
IL6ST	chr5	55969540	55969865	4	0
IL6ST	chr5	55976205	55976278	3	0
AJUBA	chr14	22973443	22973578	8	0
AJUBA	chr14	22974037	22974125	7	0
AJUBA	chr14	22974829	22974900	6	0
AJUBA	chr14	22974964	22975114	5	0
AJUBA	chr14	22976446	22976528	4	0
AJUBA	chr14	22976635	22976722	3	0
AJUBA	chr14	22978334	22978455	2	0
AJUBA	chr14	22981251	22982266	1	0
NOTCH2	chr1	119915306	119916704	34	0
NOTCH2	chr1	119917655	119917772	33	0
NOTCH2	chr1	119918396	119918563	32	0
NOTCH2	chr1	119919302	119919623	31	0
NOTCH2	chr1	119920219	119920407	30	0
NOTCH2	chr1	119921703	119921819	29	0
NOTCH2	chr1	119922226	119922456	28	0
NOTCH2	chr1	119922626	119922788	27	0
NOTCH2	chr1	119923627	119923994	26	0
NOTCH2	chr1	119925295	119925820	25	0
NOTCH2	chr1	119926489	119926621	24	0
NOTCH2	chr1	119928966	119929222	23	0
NOTCH2	chr1	119935462	119935614	22	0
NOTCH2	chr1	119937272	119937476	21	0
NOTCH2	chr1	119937847	119938020	20	0
NOTCH2	chr1	119940545	119940766	19	0
NOTCH2	chr1	119941516	119941764	18	0
NOTCH2	chr1	119948404	119948576	17	0
NOTCH2	chr1	119948997	119949136	16	0
NOTCH2	chr1	119950714	119950847	15	0
NOTCH2	chr1	119953533	119953698	14	0
NOTCH2	chr1	119955030	119955242	13	0
NOTCH2	chr1	119959382	119959512	12	0
NOTCH2	chr1	119963564	119963817	11	0
NOTCH2	chr1	119965443	119965576	10	0
NOTCH2	chr1	119966366	119966499	9	0
NOTCH2	chr1	119967423	119967631	8	0
NOTCH2	chr1	119968067	119968242	7	0
NOTCH2	chr1	119969501	119969754	6	0
NOTCH2	chr1	119986950	119987092	5	0
NOTCH2	chr1	119996987	119997342	4	0
NOTCH2	chr1	120005319	120005598	3	0
NOTCH2	chr1	120029896	120029997	2	0
NOTCH2	chr1	120069324	120069406	1	0
NOTCH3	chr19	15160662	15161724	33	0
NOTCH3	chr19	15162455	15162572	32	0
NOTCH3	chr19	15165358	15165525	31	0
NOTCH3	chr19	15165777	15166101	30	0
NOTCH3	chr19	15167239	15167421	29	0
NOTCH3	chr19	15170076	15170180	28	0
NOTCH3	chr19	15170321	15170563	27	0
NOTCH3	chr19	15170661	15170835	26	0
NOTCH3	chr19	15174058	15174410	25	0
NOTCH3	chr19	15177515	15178100	24	0
NOTCH3	chr19	15178813	15178951	23	0
NOTCH3	chr19	15179015	15179292	22	0
NOTCH3	chr19	15179354	15179506	21	0
NOTCH3	chr19	15180062	15180266	20	0
NOTCH3	chr19	15180671	15180838	19	0
NOTCH3	chr19	15180951	15181172	18	0
NOTCH3	chr19	15181566	15181811	17	0
NOTCH3	chr19	15184285	15184460	16	0
NOTCH3	chr19	15184896	15185029	15	0
NOTCH3	chr19	15185247	15185418	14	0
NOTCH3	chr19	15185477	15185689	13	0
NOTCH3	chr19	15186868	15186998	12	0
NOTCH3	chr19	15187095	15187348	11	0
NOTCH3	chr19	15187871	15188004	10	0
NOTCH3	chr19	15188225	15188358	9	0
NOTCH3	chr19	15188979	15189184	8	0
NOTCH3	chr19	15189263	15189438	7	0
NOTCH3	chr19	15191414	15191667	6	0
NOTCH3	chr19	15191735	15191877	5	0
NOTCH3	chr19	15191950	15192308	4	0
NOTCH3	chr19	15192367	15192529	3	0
NOTCH3	chr19	15197490	15197588	2	0
NOTCH3	chr19	15200778	15200905	1	0
CD274	chr9	5456114	5456175	2	0
CD274	chr9	5457069	5457430	3	0
CD274	chr9	5462824	5463131	4	0
CD274	chr9	5465489	5465616	5	0
CD274	chr9	5466760	5466839	6	0
CD274	chr9	5467830	5467862	7	0
KMT2D	chr12	49021780	49021882	55	0
KMT2D	chr12	49022033	49022161	54	0
KMT2D	chr12	49022270	49022363	53	0
KMT2D	chr12	49022580	49022885	52	0
KMT2D	chr12	49024568	49024718	51	0
KMT2D	chr12	49024800	49024956	50	0
KMT2D	chr12	49026172	49027332	49	0
KMT2D	chr12	49027793	49027940	48	0
KMT2D	chr12	49027999	49028151	47	0
KMT2D	chr12	49028818	49028968	46	0
KMT2D	chr12	49029051	49029246	45	0
KMT2D	chr12	49029391	49029486	44	0
KMT2D	chr12	49030270	49030449	43	0
KMT2D	chr12	49030591	49030778	42	0
KMT2D	chr12	49030883	49031043	41	0
KMT2D	chr12	49031165	49033974	40	0
KMT2D	chr12	49034057	49034309	39	0
KMT2D	chr12	49034400	49034486	38	0
KMT2D	chr12	49034572	49034676	37	0
KMT2D	chr12	49034802	49034945	36	0
KMT2D	chr12	49037115	49038999	35	0
KMT2D	chr12	49039212	49039368	34	0
KMT2D	chr12	49039425	49039627	33	0
KMT2D	chr12	49039714	49041545	32	0
KMT2D	chr12	49041645	49041715	31	0
KMT2D	chr12	49041907	49042000	30	0
KMT2D	chr12	49042079	49042340	29	0
KMT2D	chr12	49042551	49042655	28	0
KMT2D	chr12	49042731	49042888	27	0
KMT2D	chr12	49043066	49043196	26	0
KMT2D	chr12	49043353	49043438	25	0
KMT2D	chr12	49043625	49043792	24	0
KMT2D	chr12	49043858	49044008	23	0
KMT2D	chr12	49044190	49044314	22	0
KMT2D	chr12	49044393	49044532	21	0
KMT2D	chr12	49044734	49044975	20	0
KMT2D	chr12	49045910	49045977	19	0
KMT2D	chr12	49046055	49046184	18	0
KMT2D	chr12	49046250	49046434	17	0
KMT2D	chr12	49046599	49046800	16	0
KMT2D	chr12	49047955	49048079	15	0
KMT2D	chr12	49048649	49048779	14	0
KMT2D	chr12	49049095	49049228	13	0
KMT2D	chr12	49049672	49050800	12	0
KMT2D	chr12	49050876	49052434	11	0
KMT2D	chr12	49052554	49052719	10	0
KMT2D	chr12	49052905	49053082	9	0
KMT2D	chr12	49053197	49053331	8	0
KMT2D	chr12	49053466	49053651	7	0
KMT2D	chr12	49053968	49054150	6	0
KMT2D	chr12	49054297	49054426	5	0
KMT2D	chr12	49054518	49054761	4	0
KMT2D	chr12	49054890	49055036	3	0
KMT2D	chr12	49055266	49055324	2	0
CSF1R	chr5	150054069	150054234	21	0
CSF1R	chr5	150054312	150054440	20	0
CSF1R	chr5	150055227	150055346	19	0
CSF1R	chr5	150056016	150056147	18	0
CSF1R	chr5	150056209	150056351	17	0
CSF1R	chr5	150057277	150057394	16	0
CSF1R	chr5	150057494	150057602	15	0
CSF1R	chr5	150059690	150059872	14	0
CSF1R	chr5	150060852	150060982	13	0
CSF1R	chr5	150061481	150061605	12	0
CSF1R	chr5	150061713	150061859	11	0
CSF1R	chr5	150068205	150068340	10	0
CSF1R	chr5	150069863	150070073	9	0
CSF1R	chr5	150070172	150070312	8	0
CSF1R	chr5	150070446	150070581	7	0
CSF1R	chr5	150073291	150073503	6	0
CSF1R	chr5	150077266	150077445	5	0
CSF1R	chr5	150078102	150078258	4	0
CSF1R	chr5	150080042	150080346	3	0
CSF1R	chr5	150080757	150081034	2	0
CSF1R	chr5	150086369	150086427	1	0
NOTCH1	chr9	136496071	136497568	34	0
NOTCH1	chr9	136498889	136499006	33	0
NOTCH1	chr9	136499102	136499269	32	0
NOTCH1	chr9	136500542	136500857	31	0
NOTCH1	chr9	136501738	136501923	30	0
NOTCH1	chr9	136501991	136502098	29	0
NOTCH1	chr9	136502262	136502498	28	0
NOTCH1	chr9	136503172	136503340	27	0
NOTCH1	chr9	136504663	136505114	26	0
NOTCH1	chr9	136505300	136505891	25	0
NOTCH1	chr9	136506517	136506649	24	0
NOTCH1	chr9	136506706	136506983	23	0
NOTCH1	chr9	136507295	136507447	22	0
NOTCH1	chr9	136507945	136508149	21	0
NOTCH1	chr9	136508222	136508395	20	0
NOTCH1	chr9	136508860	136509081	19	0
NOTCH1	chr9	136509723	136509971	18	0
NOTCH1	chr9	136510643	136510815	17	0
NOTCH1	chr9	136511142	136511281	16	0
NOTCH1	chr9	136513011	136513144	15	0
NOTCH1	chr9	136513382	136513547	14	0
NOTCH1	chr9	136514500	136514712	13	0
NOTCH1	chr9	136515280	136515410	12	0
NOTCH1	chr9	136515473	136515726	11	0
NOTCH1	chr9	136515971	136516104	10	0
NOTCH1	chr9	136517262	136517395	9	0
NOTCH1	chr9	136517742	136517947	8	0
NOTCH1	chr9	136518127	136518302	7	0
NOTCH1	chr9	136518581	136518834	6	0
NOTCH1	chr9	136519433	136519575	5	0
NOTCH1	chr9	136522840	136523198	4	0
NOTCH1	chr9	136523707	136523989	3	0
NOTCH1	chr9	136544014	136544112	2	0
NOTCH1	chr9	136545716	136545786	1	0
CBFB	chr16	67029408	67029495	1	0
CBFB	chr16	67029717	67029823	2	0
CBFB	chr16	67036629	67036765	3	0
CBFB	chr16	67066672	67066808	4	0
CBFB	chr16	67082203	67082318	5	0
CBFB	chr16	67098700	67098778	6	0
KMT2A	chr11	118436513	118436954	1	0
KMT2A	chr11	118468765	118468854	2	0
KMT2A	chr11	118471652	118474325	3	0
KMT2A	chr11	118476795	118476992	4	0
KMT2A	chr11	118477957	118478211	5	0
KMT2A	chr11	118480164	118480248	6	0
KMT2A	chr11	118481705	118482102	7	0
KMT2A	chr11	118482412	118482505	8	0
KMT2A	chr11	118484173	118484324	9	28
KMT2A	chr11	118484852	118484985	10	29
KMT2A	chr11	118488604	118488770	11	0
KMT2A	chr11	118489782	118489897	12	0
KMT2A	chr11	118490119	118490259	13	0
KMT2A	chr11	118491186	118491328	14	0
KMT2A	chr11	118491734	118491938	15	0
KMT2A	chr11	118493047	118493240	16	0
KMT2A	chr11	118494278	118494408	17	0
KMT2A	chr11	118494684	118494777	18	0
KMT2A	chr11	118495690	118495903	19	0
KMT2A	chr11	118496251	118496377	20	0
KMT2A	chr11	118497926	118498083	21	0
KMT2A	chr11	118498360	118498538	22	0
KMT2A	chr11	118499293	118499430	23	0
KMT2A	chr11	118499825	118499923	24	0
KMT2A	chr11	118500977	118501157	25	0
KMT2A	chr11	118501662	118501867	26	0
KMT2A	chr11	118502388	118506656	27	0
KMT2A	chr11	118507519	118507619	28	0
KMT2A	chr11	118509126	118509210	29	0
KMT2A	chr11	118509938	118510128	30	0
KMT2A	chr11	118511941	118512035	31	0
KMT2A	chr11	118519608	118519802	32	0
KMT2A	chr11	118519947	118520074	33	0
KMT2A	chr11	118520792	118520895	34	0
KMT2A	chr11	118521278	118521427	35	0
KMT2A	chr11	118521887	118522172	36	0
MAX	chr14	65076476	65076673	5	0
MAX	chr14	65077903	65078046	4	0
MAX	chr14	65093698	65093825	3	0
MAX	chr14	65101536	65101582	2	0
MAX	chr14	65102294	65102339	1	0
KMT2C	chr7	152136832	152136934	59	0
KMT2C	chr7	152138786	152138914	58	0
KMT2C	chr7	152139176	152139269	57	0
KMT2C	chr7	152139665	152139801	56	0
KMT2C	chr7	152144703	152144891	55	0
KMT2C	chr7	152145143	152145305	54	0
KMT2C	chr7	152146589	152146745	53	0
KMT2C	chr7	152148023	152149162	52	0
KMT2C	chr7	152150890	152151017	51	0
KMT2C	chr7	152151432	152151591	50	0
KMT2C	chr7	152152695	152152964	49	0
KMT2C	chr7	152154000	152154156	48	0
KMT2C	chr7	152154257	152154455	47	0
KMT2C	chr7	152155900	152156067	46	0
KMT2C	chr7	152156195	152156356	45	0
KMT2C	chr7	152158853	152159082	44	0
KMT2C	chr7	152162107	152163836	43	0
KMT2C	chr7	152167136	152167388	42	0
KMT2C	chr7	152169176	152169259	41	0
KMT2C	chr7	152171254	152171352	40	0
KMT2C	chr7	152174121	152174252	39	0
KMT2C	chr7	152176181	152178020	38	0
KMT2C	chr7	152179824	152180136	37	0
KMT2C	chr7	152180701	152182604	36	0
KMT2C	chr7	152182964	152183166	35	0
KMT2C	chr7	152185548	152185641	34	0
KMT2C	chr7	152187252	152187486	33	0
KMT2C	chr7	152187705	152187857	32	0
KMT2C	chr7	152193999	152194138	31	0
KMT2C	chr7	152194219	152194271	30	0
KMT2C	chr7	152194430	152194578	29	0
KMT2C	chr7	152195897	152196021	28	0
KMT2C	chr7	152199269	152199469	27	0
KMT2C	chr7	152202924	152203074	26	0
KMT2C	chr7	152205096	152205235	25	0
KMT2C	chr7	152207290	152207438	24	0
KMT2C	chr7	152220513	152220745	23	0
KMT2C	chr7	152221991	152222076	22	0
KMT2C	chr7	152222563	152222692	21	0
KMT2C	chr7	152224005	152224189	20	0
KMT2C	chr7	152224425	152224626	19	0
KMT2C	chr7	152229913	152230037	18	0
KMT2C	chr7	152230210	152230331	17	0
KMT2C	chr7	152235807	152235943	16	0
KMT2C	chr7	152238697	152238836	15	0
KMT2C	chr7	152247892	152248630	14	0
KMT2C	chr7	152249866	152249963	13	0
KMT2C	chr7	152250843	152250976	12	0
KMT2C	chr7	152251929	152252100	11	0
KMT2C	chr7	152252536	152252725	10	0
KMT2C	chr7	152263006	152263140	9	0
KMT2C	chr7	152265028	152265219	8	0
KMT2C	chr7	152273695	152273877	7	0
KMT2C	chr7	152309956	152310085	6	0
KMT2C	chr7	152311788	152311956	5	0
KMT2C	chr7	152315128	152315348	4	0
KMT2C	chr7	152330591	152330749	3	0
KMT2C	chr7	152358577	152358685	2	0
KMT2C	chr7	152435616	152435786	1	0
ANKRD11	chr16	89268478	89268673	13	0
ANKRD11	chr16	89270807	89270919	12	0
ANKRD11	chr16	89274804	89274967	11	0
ANKRD11	chr16	89275083	89275201	10	0
ANKRD11	chr16	89279062	89285659	9	0
ANKRD11	chr16	89286029	89286196	8	0
ANKRD11	chr16	89288518	89288680	7	0
ANKRD11	chr16	89290615	89290838	6	0
ANKRD11	chr16	89291003	89291193	5	0
ANKRD11	chr16	89305196	89305354	4	0
ANKRD11	chr16	89316923	89317019	3	0
CUL3	chr2	224474245	224474386	16	0
CUL3	chr2	224478190	224478355	15	0
CUL3	chr2	224481882	224482088	14	0
CUL3	chr2	224495822	224495976	13	0
CUL3	chr2	224497743	224497859	12	0
CUL3	chr2	224500353	224500497	11	0
CUL3	chr2	224502955	224503082	10	0
CUL3	chr2	224503642	224503832	9	0
CUL3	chr2	224505946	224506142	8	0
CUL3	chr2	224506848	224507013	7	0
CUL3	chr2	224511344	224511592	6	0
CUL3	chr2	224513514	224513648	5	0
CUL3	chr2	224514602	224514782	4	0
CUL3	chr2	224535518	224535651	3	0
CUL3	chr2	224557649	224557866	2	0
CUL3	chr2	224584934	224585009	1	0
NOTCH4	chr6	32195437	32196160	30	0
NOTCH4	chr6	32196314	32196431	29	0
NOTCH4	chr6	32196915	32197082	28	0
NOTCH4	chr6	32197289	32197604	27	0
NOTCH4	chr6	32198411	32198569	26	0
NOTCH4	chr6	32198639	32198740	25	0
NOTCH4	chr6	32198916	32199155	24	0
NOTCH4	chr6	32200821	32201016	23	0
NOTCH4	chr6	32201107	32201510	22	0
NOTCH4	chr6	32202066	32202609	21	0
NOTCH4	chr6	32203760	32203892	20	0
NOTCH4	chr6	32204127	32204399	19	0
NOTCH4	chr6	32210742	32210946	18	0
NOTCH4	chr6	32212464	32212637	17	0
NOTCH4	chr6	32212814	32212921	16	0
NOTCH4	chr6	32213125	32213262	15	0
NOTCH4	chr6	32213678	32213850	14	0
NOTCH4	chr6	32214100	32214265	13	0
NOTCH4	chr6	32215216	32215395	12	0
NOTCH4	chr6	32216935	32217077	11	0
NOTCH4	chr6	32217143	32217276	10	0
NOTCH4	chr6	32217985	32218118	9	0
NOTCH4	chr6	32219582	32219796	8	0
NOTCH4	chr6	32220119	32220294	7	0
NOTCH4	chr6	32220395	32220651	6	0
NOTCH4	chr6	32220746	32220888	5	0
NOTCH4	chr6	32220968	32221335	4	0
NOTCH4	chr6	32222501	32222816	3	0
NOTCH4	chr6	32222995	32223096	2	0
NOTCH4	chr6	32223846	32223928	1	0
KMT2B	chr19	35718019	35718391	1	0
KMT2B	chr19	35719459	35719551	2	0
KMT2B	chr19	35719774	35721814	3	0
KMT2B	chr19	35722349	35722482	4	0
KMT2B	chr19	35722558	35722728	5	0
KMT2B	chr19	35722985	35723284	6	0
KMT2B	chr19	35723437	35723512	7	0
KMT2B	chr19	35723722	35724017	8	0
KMT2B	chr19	35724627	35724741	9	0
KMT2B	chr19	35724979	35725097	10	0
KMT2B	chr19	35725210	35725343	11	0
KMT2B	chr19	35725469	35725635	12	0
KMT2B	chr19	35725713	35725828	13	0
KMT2B	chr19	35726226	35726363	14	0
KMT2B	chr19	35727146	35727279	15	0
KMT2B	chr19	35727428	35727632	16	0
KMT2B	chr19	35727688	35727797	17	0
KMT2B	chr19	35727871	35727995	18	0
KMT2B	chr19	35728088	35728181	19	0
KMT2B	chr19	35728764	35728899	20	0
KMT2B	chr19	35728975	35729086	21	0
KMT2B	chr19	35729149	35729306	22	0
KMT2B	chr19	35729957	35730135	23	0
KMT2B	chr19	35730332	35730472	24	0
KMT2B	chr19	35730528	35730626	25	0
KMT2B	chr19	35730697	35730877	26	0
KMT2B	chr19	35731898	35732145	27	0
KMT2B	chr19	35732205	35733518	28	0
KMT2B	chr19	35733587	35733696	29	0
KMT2B	chr19	35733753	35733882	30	0
KMT2B	chr19	35736680	35736837	31	0
KMT2B	chr19	35736902	35736996	32	0
KMT2B	chr19	35737076	35737273	33	0
KMT2B	chr19	35737626	35737753	34	0
KMT2B	chr19	35737849	35737952	35	0
KMT2B	chr19	35738052	35738201	36	0
KMT2B	chr19	35738272	35738557	37	0
TACSTD2	chr1	58576185	58577156	1	0
FOXO3	chr6	108561209	108561839	1	0
FOXO3	chr6	108663445	108664855	2	0
FHIT	chr3	59752226	59752331	9	0
FHIT	chr3	59922336	59922424	8	0
FHIT	chr3	60011361	60011410	7	0
FHIT	chr3	60013997	60014162	6	0
FHIT	chr3	60536850	60536962	5	0
SAV1	chr14	50635183	50635394	5	0
SAV1	chr14	50640740	50640903	4	0
SAV1	chr14	50644734	50645024	3	0
SAV1	chr14	50665169	50665629	2	0
SAV1	chr14	50667864	50667967	1	0
SLCO1B1	chr12	21141575	21141668	2	0
SLCO1B1	chr12	21172640	21172801	3	0
SLCO1B1	chr12	21174567	21174719	4	0
SLCO1B1	chr12	21176766	21176907	5	0
SLCO1B1	chr12	21178566	21178732	6	0
SLCO1B1	chr12	21178912	21179030	7	0
SLCO1B1	chr12	21196936	21197198	8	0
SLCO1B1	chr12	21200498	21200682	9	0
SLCO1B1	chr12	21202481	21202696	10	0
SLCO1B1	chr12	21205858	21206043	11	0
SLCO1B1	chr12	21217109	21217313	12	0
SLCO1B1	chr12	21222290	21222374	13	0
SLCO1B1	chr12	21224712	21224849	14	0
SLCO1B1	chr12	21238969	21239189	15	0
SOCS1	chr16	11254843	11255478	2	0
UBR5	chr8	102254302	102254524	59	0
UBR5	chr8	102257622	102257727	58	0
UBR5	chr8	102258975	102259139	57	0
UBR5	chr8	102261136	102261269	56	0
UBR5	chr8	102261905	102262080	55	0
UBR5	chr8	102264464	102264568	54	0
UBR5	chr8	102265090	102265288	53	0
UBR5	chr8	102266937	102267017	52	0
UBR5	chr8	102268968	102269118	51	0
UBR5	chr8	102270029	102270193	50	0
UBR5	chr8	102271124	102271255	49	0
UBR5	chr8	102272519	102272782	48	0
UBR5	chr8	102275511	102275629	47	0
UBR5	chr8	102275698	102275838	46	0
UBR5	chr8	102276962	102277202	45	0
UBR5	chr8	102278816	102278949	44	0
UBR5	chr8	102279026	102279218	43	0
UBR5	chr8	102280384	102280477	42	0
UBR5	chr8	102281279	102281529	41	0
UBR5	chr8	102285117	102285348	40	0
UBR5	chr8	102285503	102285791	39	0
UBR5	chr8	102286350	102286627	38	0
UBR5	chr8	102287423	102287574	37	0
UBR5	chr8	102288145	102288276	36	0
UBR5	chr8	102289443	102289586	35	0
UBR5	chr8	102293595	102293854	34	0
UBR5	chr8	102293945	102294125	33	0
UBR5	chr8	102294972	102295121	32	0
UBR5	chr8	102295194	102295340	31	0
UBR5	chr8	102295404	102295542	30	0
UBR5	chr8	102295626	102295792	29	0
UBR5	chr8	102296883	102296994	28	0
UBR5	chr8	102297448	102297616	27	0
UBR5	chr8	102298382	102298499	26	0
UBR5	chr8	102298838	102298981	25	0
UBR5	chr8	102299442	102299557	24	0
UBR5	chr8	102299990	102300161	23	0
UBR5	chr8	102304033	102304179	22	0
UBR5	chr8	102305075	102305305	21	0
UBR5	chr8	102311289	102311506	20	0
UBR5	chr8	102311725	102311899	19	0
UBR5	chr8	102312124	102312255	18	0
UBR5	chr8	102312332	102312495	17	0
UBR5	chr8	102313794	102313926	16	0
UBR5	chr8	102314734	102314863	15	0
UBR5	chr8	102323301	102323505	14	0
UBR5	chr8	102326536	102326673	13	0
UBR5	chr8	102327732	102327906	12	0
UBR5	chr8	102329080	102329210	11	0
UBR5	chr8	102329273	102329409	10	0
UBR5	chr8	102342463	102342694	9	0
UBR5	chr8	102345386	102345555	8	0
UBR5	chr8	102346226	102346405	7	0
UBR5	chr8	102346893	102347102	6	0
UBR5	chr8	102360061	102360200	5	0
UBR5	chr8	102360579	102360675	4	0
UBR5	chr8	102361115	102361216	3	0
UBR5	chr8	102361572	102361636	2	0
UBR5	chr8	102412163	102412234	1	0
ABL1	chr9	130835447	130835535	1	0
ABL1	chr9	130854054	130854247	2	0
ABL1	chr9	130854791	130855106	3	0
ABL1	chr9	130862753	130863045	4	0
ABL1	chr9	130872119	130872223	5	0
ABL1	chr9	130872850	130873047	6	0
ABL1	chr9	130874858	130875062	7	0
ABL1	chr9	130878405	130878577	8	0
ABL1	chr9	130880058	130880167	9	0
ABL1	chr9	130880490	130880674	10	0
ABL1	chr9	130883959	130885683	11	0
MAP3K21	chr1	233328029	233328843	1	0
MAP3K21	chr1	233346432	233346632	2	0
MAP3K21	chr1	233353797	233353965	3	0
MAP3K21	chr1	233354826	233355021	4	0
MAP3K21	chr1	233362043	233362303	5	0
MAP3K21	chr1	233372028	233372170	6	0
MAP3K21	chr1	233375906	233376076	7	0
MAP3K21	chr1	233376420	233376537	8	0
MAP3K21	chr1	233378921	233379720	9	0
MAP3K21	chr1	233382295	233382711	10	0
TNFRSF14	chr1	2556665	2556743	1	0
TNFRSF14	chr1	2557716	2557844	2	0
TNFRSF14	chr1	2558333	2558478	3	0
TNFRSF14	chr1	2559813	2559988	4	0
TNFRSF14	chr1	2560614	2560724	5	0
TNFRSF14	chr1	2561663	2561825	6	0
TNFRSF14	chr1	2562855	2562906	7	0
TNFRSF14	chr1	2563138	2563273	8	0
MAP2K7	chr19	7903945	7904078	1	0
MAP2K7	chr19	7909745	7909906	2	0
MAP2K7	chr19	7910053	7910139	3	0
MAP2K7	chr19	7910250	7910383	4	0
MAP2K7	chr19	7910443	7910582	5	0
MAP2K7	chr19	7910686	7910813	6	0
MAP2K7	chr19	7910970	7911169	7	0
MAP2K7	chr19	7911240	7911340	8	0
MAP2K7	chr19	7911426	7911588	9	0
MAP2K7	chr19	7912139	7912204	10	0
MAP2K7	chr19	7912287	7912431	11	0
MCL1	chr1	150577375	150577501	3	0
MCL1	chr1	150578234	150578501	2	0
MCL1	chr1	150578833	150579530	1	0
LINC01001	chr11	127204	127472	7	0
LINC01001	chr11	127504	127658	6	0
LINC01001	chr11	129562	131383	5	0
LINC01001	chr11	131457	131534	4	0
LINC01001	chr11	133578	133788	3	0
LINC01001	chr11	138037	138121	2	0
LINC01001	chr11	138946	138998	1	0
FANCM	chr14	45136032	45136549	1	0
FANCM	chr14	45137059	45137251	2	0
FANCM	chr14	45140622	45140719	3	0
FANCM	chr14	45148827	45149005	4	0
FANCM	chr14	45151387	45151538	5	0
FANCM	chr14	45153910	45154062	6	0
FANCM	chr14	45154687	45154832	7	0
FANCM	chr14	45155363	45155469	8	0
FANCM	chr14	45159086	45159290	9	0
FANCM	chr14	45164349	45164575	10	0
FANCM	chr14	45166940	45167173	11	0
FANCM	chr14	45170579	45170756	12	0
FANCM	chr14	45173045	45173220	13	0
FANCM	chr14	45175061	45176986	14	0
FANCM	chr14	45181420	45181534	15	0
FANCM	chr14	45181627	45181715	16	0
FANCM	chr14	45183764	45183912	17	0
FANCM	chr14	45185207	45185383	18	0
FANCM	chr14	45187771	45187897	19	0
FANCM	chr14	45188792	45189372	20	0
FANCM	chr14	45196162	45196557	21	0
FANCM	chr14	45198634	45198945	22	0
FANCM	chr14	45199860	45200008	23	0
FANCL	chr2	58159765	58159810	14	0
FANCL	chr2	58160098	58160189	13	0
FANCL	chr2	58161512	58161648	12	0
FANCL	chr2	58162856	58162957	11	0
FANCL	chr2	58163019	58163084	10	0
FANCL	chr2	58163424	58163527	9	0
FANCL	chr2	58165714	58165884	8	0
FANCL	chr2	58198584	58198672	7	0
FANCL	chr2	58204120	58204236	6	0
FANCL	chr2	58221932	58222052	5	0
FANCL	chr2	58226718	58226794	4	0
FANCL	chr2	58229804	58229884	3	0
FANCL	chr2	58232044	58232122	2	0
FANCL	chr2	58241208	58241313	1	0
FANCA	chr16	89738601	89738718	43	0
FANCA	chr16	89738872	89738984	42	0
FANCA	chr16	89739123	89739299	41	0
FANCA	chr16	89739468	89739563	40	0
FANCA	chr16	89739984	89740109	39	0
FANCA	chr16	89740794	89740876	38	0
FANCA	chr16	89742790	89742948	37	0
FANCA	chr16	89744949	89745081	36	0
FANCA	chr16	89746574	89746698	35	0
FANCA	chr16	89746821	89746900	34	0
FANCA	chr16	89748649	89748777	33	0
FANCA	chr16	89749720	89749912	32	0
FANCA	chr16	89752128	89752232	31	0
FANCA	chr16	89758567	89758715	30	0
FANCA	chr16	89761939	89762032	29	0
FANCA	chr16	89764880	89765076	28	0
FANCA	chr16	89767131	89767247	27	0
FANCA	chr16	89769827	89770034	26	0
FANCA	chr16	89770156	89770269	25	0
FANCA	chr16	89770554	89770644	24	0
FANCA	chr16	89771668	89771824	23	0
FANCA	chr16	89773261	89773394	22	0
FANCA	chr16	89775732	89775825	21	0
FANCA	chr16	89778791	89778860	20	0
FANCA	chr16	89778933	89779013	19	0
FANCA	chr16	89779859	89779967	18	0
FANCA	chr16	89782849	89782928	17	0
FANCA	chr16	89782997	89783112	16	0
FANCA	chr16	89784844	89784974	15	0
FANCA	chr16	89791393	89791546	14	0
FANCA	chr16	89791917	89792078	13	0
FANCA	chr16	89792461	89792557	12	0
FANCA	chr16	89795896	89796028	11	0
FANCA	chr16	89799156	89799242	10	0
FANCA	chr16	89799595	89799648	9	0
FANCA	chr16	89803249	89803351	8	0
FANCA	chr16	89805270	89805402	7	0
FANCA	chr16	89808284	89808377	6	0
FANCA	chr16	89810697	89810812	5	0
FANCA	chr16	89810919	89811081	4	0
FANCA	chr16	89814510	89814623	3	0
FANCA	chr16	89815867	89815996	2	0
FANCA	chr16	89816527	89816615	1	0
ZBTB10	chr8	80486811	80487792	1	0
ZBTB10	chr8	80499484	80500392	2	0
ZBTB10	chr8	80513900	80514018	3	0
ZBTB10	chr8	80518393	80518589	4	0
ZBTB10	chr8	80518772	80518964	5	0
ZBTB10	chr8	80519213	80519528	6	0
FANCC	chr9	95101707	95101860	15	0
FANCC	chr9	95107056	95107279	14	0
FANCC	chr9	95111453	95111647	13	0
FANCC	chr9	95114619	95114720	12	0
FANCC	chr9	95117305	95117400	11	0
FANCC	chr9	95125076	95125195	10	0
FANCC	chr9	95126519	95126591	9	0
FANCC	chr9	95135336	95135512	8	0
FANCC	chr9	95149913	95150097	7	0
FANCC	chr9	95171069	95171153	6	0
FANCC	chr9	95172027	95172157	5	0
FANCC	chr9	95240639	95240753	4	0
FANCC	chr9	95247422	95247526	3	0
FANCC	chr9	95249117	95249291	2	0
PALB2	chr16	23603459	23603679	13	0
PALB2	chr16	23607854	23608022	12	0
PALB2	chr16	23613994	23614101	11	0
PALB2	chr16	23621352	23621488	10	0
PALB2	chr16	23622959	23623140	9	0
PALB2	chr16	23623999	23624104	8	0
PALB2	chr16	23626226	23626407	7	0
PALB2	chr16	23629194	23629285	6	0
PALB2	chr16	23629630	23630479	5	0
PALB2	chr16	23634852	23636344	4	0
PALB2	chr16	23637840	23637962	3	0
PALB2	chr16	23638060	23638139	2	0
PALB2	chr16	23641100	23641157	1	0
FANCF	chr11	22624686	22625810	1	0
PTPRD	chr9	8317874	8317952	46	0
PTPRD	chr9	8319821	8319976	45	0
PTPRD	chr9	8331572	8331746	44	0
PTPRD	chr9	8338912	8339057	43	0
PTPRD	chr9	8340333	8340479	42	0
PTPRD	chr9	8341080	8341278	41	0
PTPRD	chr9	8341683	8341988	40	0
PTPRD	chr9	8375926	8376100	39	0
PTPRD	chr9	8376597	8376736	38	0
PTPRD	chr9	8389222	8389417	37	0
PTPRD	chr9	8404527	8404670	36	0
PTPRD	chr9	8436582	8436699	35	0
PTPRD	chr9	8449715	8449847	34	0
PTPRD	chr9	8460401	8460581	33	0
PTPRD	chr9	8465456	8465685	32	0
PTPRD	chr9	8470985	8471095	31	0
PTPRD	chr9	8484109	8484388	30	0
PTPRD	chr9	8485217	8485334	29	0
PTPRD	chr9	8485752	8486359	28	0
PTPRD	chr9	8492852	8492989	27	0
PTPRD	chr9	8497232	8497278	26	0
PTPRD	chr9	8499637	8499850	25	0
PTPRD	chr9	8500744	8501069	24	0
PTPRD	chr9	8504251	8504415	23	0
PTPRD	chr9	8507291	8507444	22	0
PTPRD	chr9	8517838	8518439	21	0
PTPRD	chr9	8521267	8521556	20	0
PTPRD	chr9	8523503	8523534	19	0
PTPRD	chr9	8524915	8525045	18	0
PTPRD	chr9	8526617	8526654	17	0
PTPRD	chr9	8527335	8527363	16	0
PTPRD	chr9	8528581	8528789	15	0
PTPRD	chr9	8633307	8633468	14	0
PTPRD	chr9	8636689	8636854	13	0
PTPRD	chr9	8733770	8733843	12	0
PTPRB	chr12	70521489	70521521	34	0
PTPRB	chr12	70524461	70524601	33	0
PTPRB	chr12	70532025	70532180	32	0
PTPRB	chr12	70534478	70534661	31	0
PTPRB	chr12	70534823	70534965	30	0
PTPRB	chr12	70536015	70536169	29	0
PTPRB	chr12	70538145	70538241	28	0
PTPRB	chr12	70538914	70539024	27	0
PTPRB	chr12	70539615	70539716	26	0
PTPRB	chr12	70539817	70539854	25	0
PTPRB	chr12	70539929	70540032	24	0
PTPRB	chr12	70540848	70540967	23	0
PTPRB	chr12	70544547	70544673	22	0
PTPRB	chr12	70552767	70553030	21	0
PTPRB	chr12	70555150	70555319	20	0
PTPRB	chr12	70555860	70556158	19	0
PTPRB	chr12	70559333	70559634	18	0
PTPRB	chr12	70560661	70560944	17	0
PTPRB	chr12	70562834	70563117	16	0
PTPRB	chr12	70566425	70566714	15	0
PTPRB	chr12	70569665	70569948	14	0
PTPRB	chr12	70571016	70571299	13	0
PTPRB	chr12	70571814	70572097	12	0
PTPRB	chr12	70576372	70576655	11	0
PTPRB	chr12	70581026	70581312	10	0
PTPRB	chr12	70586997	70587277	9	0
PTPRB	chr12	70589954	70590243	8	0
PTPRB	chr12	70592272	70592555	7	0
PTPRB	chr12	70594457	70594734	6	0
PTPRB	chr12	70596039	70596337	5	0
PTPRB	chr12	70609059	70609349	4	0
PTPRB	chr12	70622380	70622656	3	0
PTPRB	chr12	70635661	70636076	2	0
PTPRB	chr12	70637331	70637395	1	0
CDK6	chr7	92615140	92615296	8	0
CDK6	chr7	92618062	92618217	7	0
CDK6	chr7	92623026	92623096	6	0
CDK6	chr7	92671416	92671545	5	0
CDK6	chr7	92725616	92725803	4	0
CDK6	chr7	92774686	92774841	3	0
CDK6	chr7	92833081	92833323	2	0
PUDP	chrX	7050296	7050482	4	0
PUDP	chrX	7077210	7077459	3	0
PUDP	chrX	7105610	7105848	2	0
PUDP	chrX	7148043	7148113	1	0
CDK4	chr12	57748525	57748627	8	0
CDK4	chr12	57749172	57749327	7	0
CDK4	chr12	57749444	57749514	6	0
CDK4	chr12	57750646	57750775	5	0
CDK4	chr12	57750913	57751100	4	0
CDK4	chr12	57751197	57751352	3	0
CDK4	chr12	57751490	57751717	2	0
CNOT3	chr19	54142979	54143013	2	0
CNOT3	chr19	54143109	54143196	3	0
CNOT3	chr19	54143432	54143526	4	0
CNOT3	chr19	54143650	54143759	5	0
CNOT3	chr19	54143996	54144144	6	0
CNOT3	chr19	54144227	54144342	7	0
CNOT3	chr19	54145588	54145827	8	0
CNOT3	chr19	54145900	54146053	9	0
CNOT3	chr19	54146591	54146667	10	0
CNOT3	chr19	54148138	54148545	11	0
CNOT3	chr19	54148610	54148753	12	0
CNOT3	chr19	54149550	54149768	13	0
CNOT3	chr19	54152216	54152335	14	0
CNOT3	chr19	54152418	54152636	15	0
CNOT3	chr19	54152857	54153009	16	0
CNOT3	chr19	54153705	54153850	17	0
CNOT3	chr19	54155299	54155407	18	0
ALB	chr4	73404328	73404416	1	0
ALB	chr4	73405106	73405183	2	0
ALB	chr4	73406619	73406771	3	0
ALB	chr4	73408584	73408815	4	0
ALB	chr4	73409345	73409497	5	0
ALB	chr4	73410302	73410419	6	0
ALB	chr4	73411986	73412135	7	0
ALB	chr4	73413410	73413644	8	0
ALB	chr4	73415025	73415177	9	0
ALB	chr4	73416246	73416363	10	0
ALB	chr4	73417521	73417679	11	0
ALB	chr4	73418078	73418321	12	0
ALB	chr4	73419497	73419649	13	0
ALB	chr4	73420244	73420298	14	0
BCL2	chr18	63128625	63128769	3	0
BCL2	chr18	63318072	63318666	2	0
NF1	chr17	31095310	31095379	1	0
NF1	chr17	31155973	31156136	2	0
NF1	chr17	31159000	31159103	3	0
NF1	chr17	31163176	31163386	4	0
NF1	chr17	31169881	31170007	5	0
NF1	chr17	31181412	31181499	6	0
NF1	chr17	31181700	31181795	7	0
NF1	chr17	31182498	31182675	8	0
NF1	chr17	31200412	31200605	9	0
NF1	chr17	31201027	31201169	10	0
NF1	chr17	31201401	31201495	11	0
NF1	chr17	31206230	31206381	12	0
NF1	chr17	31214441	31214595	13	0
NF1	chr17	31218995	31219128	14	0
NF1	chr17	31221840	31221939	15	0
NF1	chr17	31223434	31223577	16	0
NF1	chr17	31225085	31225260	17	0
NF1	chr17	31226425	31226694	18	0
NF1	chr17	31227208	31227301	19	0
NF1	chr17	31227513	31227616	20	0
NF1	chr17	31229015	31229475	21	0
NF1	chr17	31229825	31229984	22	0
NF1	chr17	31230250	31230392	23	0
NF1	chr17	31230832	31230935	24	0
NF1	chr17	31232063	31232199	25	0
NF1	chr17	31232690	31232891	26	0
NF1	chr17	31232992	31233223	27	0
NF1	chr17	31235601	31235782	28	0
NF1	chr17	31235908	31236031	29	0
NF1	chr17	31248974	31249129	30	0
NF1	chr17	31252928	31253010	31	0
NF1	chr17	31258334	31258512	32	0
NF1	chr17	31259022	31259139	33	0
NF1	chr17	31260359	31260525	34	0
NF1	chr17	31261701	31261867	35	0
NF1	chr17	31265219	31265349	36	0
NF1	chr17	31325810	31326262	37	0
NF1	chr17	31327489	31327849	38	0
NF1	chr17	31330286	31330508	39	0
NF1	chr17	31334828	31335041	40	0
NF1	chr17	31336323	31336483	41	0
NF1	chr17	31336625	31336924	42	0
NF1	chr17	31337358	31337592	43	0
NF1	chr17	31337809	31337890	44	0
NF1	chr17	31338015	31338149	45	0
NF1	chr17	31338694	31338815	46	0
NF1	chr17	31340495	31340655	47	0
NF1	chr17	31342999	31343145	48	0
NF1	chr17	31349110	31349261	49	0
NF1	chr17	31350173	31350328	50	0
NF1	chr17	31352247	31352424	51	0
NF1	chr17	31356450	31356592	52	0
NF1	chr17	31356950	31357100	53	0
NF1	chr17	31357259	31357379	54	0
NF1	chr17	31358470	31358632	55	0
NF1	chr17	31358959	31359025	56	0
NF1	chr17	31360477	31360713	57	0
NF1	chr17	31374003	31374155	58	0
MDM2	chr12	68808478	68808501	1	0
MDM2	chr12	68809198	68809302	2	0
MDM2	chr12	68813544	68813638	3	0
MDM2	chr12	68816802	68816955	4	0
MDM2	chr12	68820315	68820384	5	0
MDM2	chr12	68824353	68824440	6	0
MDM2	chr12	68824545	68824661	7	0
MDM2	chr12	68828761	68828941	8	0
MDM2	chr12	68835819	68835994	9	0
MDM2	chr12	68836662	68836759	10	0
MDM2	chr12	68839264	68839849	11	0
PLXNB2	chr22	50275704	50275818	37	0
PLXNB2	chr22	50275879	50275973	36	0
PLXNB2	chr22	50276619	50276714	35	0
PLXNB2	chr22	50276832	50276916	34	0
PLXNB2	chr22	50277581	50277748	33	0
PLXNB2	chr22	50277843	50278023	32	0
PLXNB2	chr22	50278107	50278281	31	0
PLXNB2	chr22	50278425	50278529	30	0
PLXNB2	chr22	50278586	50278706	29	0
PLXNB2	chr22	50278845	50279021	28	0
PLXNB2	chr22	50279620	50279786	27	0
PLXNB2	chr22	50279995	50280081	26	0
PLXNB2	chr22	50280479	50280680	25	0
PLXNB2	chr22	50280734	50280983	24	0
PLXNB2	chr22	50281079	50281199	23	0
PLXNB2	chr22	50281350	50281509	22	0
PLXNB2	chr22	50281556	50281752	21	0
PLXNB2	chr22	50281844	50282091	20	0
PLXNB2	chr22	50282174	50282323	19	0
PLXNB2	chr22	50282701	50282891	18	0
PLXNB2	chr22	50283040	50283196	17	0
PLXNB2	chr22	50283327	50283455	16	0
PLXNB2	chr22	50283592	50283760	15	0
PLXNB2	chr22	50283823	50284000	14	0
PLXNB2	chr22	50284122	50284223	13	0
PLXNB2	chr22	50284563	50284675	12	0
PLXNB2	chr22	50285790	50285911	11	0
PLXNB2	chr22	50285980	50286108	10	0
PLXNB2	chr22	50286163	50286297	9	0
PLXNB2	chr22	50287101	50287274	8	0
PLXNB2	chr22	50287657	50287803	7	0
PLXNB2	chr22	50287927	50288047	6	0
PLXNB2	chr22	50288733	50288881	5	0
PLXNB2	chr22	50288950	50289152	4	0
PLXNB2	chr22	50289507	50290584	3	0
MDM4	chr1	204525519	204525606	2	0
MDM4	chr1	204526350	204526444	3	0
MDM4	chr1	204530674	204530827	4	0
MDM4	chr1	204532181	204532256	5	0
MDM4	chr1	204537420	204537507	6	0
MDM4	chr1	204538199	204538318	7	0
MDM4	chr1	204542774	204542954	8	0
MDM4	chr1	204544525	204544694	9	0
MDM4	chr1	204546787	204546887	10	0
MDM4	chr1	204549103	204549682	11	0
NF2	chr22	29603999	29604122	1	0
NF2	chr22	29636741	29636886	2	0
NF2	chr22	29639080	29639222	3	0
NF2	chr22	29642192	29642295	4	0
NF2	chr22	29654647	29654735	5	0
NF2	chr22	29655584	29655686	6	0
NF2	chr22	29658179	29658274	7	0
NF2	chr22	29661195	29661349	8	0
NF2	chr22	29664980	29665074	9	0
NF2	chr22	29668323	29668456	10	0
NF2	chr22	29671816	29671958	11	0
NF2	chr22	29673259	29673496	12	0
NF2	chr22	29674826	29674951	13	0
NF2	chr22	29678186	29678333	14	0
NF2	chr22	29681429	29681611	15	0
NF2	chr22	29694742	29694802	16	0
LZTR1	chr22	20982372	20982581	1	0
LZTR1	chr22	20983017	20983099	2	0
LZTR1	chr22	20985831	20985907	3	0
LZTR1	chr22	20987494	20987593	4	0
LZTR1	chr22	20988000	20988128	5	0
LZTR1	chr22	20988779	20988882	6	0
LZTR1	chr22	20989615	20989692	7	0
LZTR1	chr22	20990376	20990535	8	0
LZTR1	chr22	20991618	20991839	9	0
LZTR1	chr22	20992204	20992379	10	0
LZTR1	chr22	20992784	20992914	11	0
LZTR1	chr22	20993652	20993764	12	0
LZTR1	chr22	20993914	20994029	13	0
LZTR1	chr22	20994094	20994279	14	0
LZTR1	chr22	20994548	20994737	15	0
LZTR1	chr22	20994860	20995036	16	0
LZTR1	chr22	20995736	20995882	17	0
LZTR1	chr22	20995953	20996122	18	0
LZTR1	chr22	20996686	20996811	19	0
LZTR1	chr22	20996876	20996976	20	0
LZTR1	chr22	20997222	20997348	21	0
MAP3K13	chr3	185428582	185429066	2	0
MAP3K13	chr3	185437437	185437640	3	0
MAP3K13	chr3	185443435	185443646	4	0
MAP3K13	chr3	185447779	185447957	5	0
MAP3K13	chr3	185449890	185450068	6	0
MAP3K13	chr3	185451277	185451405	7	0
MAP3K13	chr3	185463540	185463669	8	0
MAP3K13	chr3	185465737	185465873	9	0
MAP3K13	chr3	185466816	185466973	10	0
MAP3K13	chr3	185472965	185473771	11	0
MAP3K13	chr3	185477316	185477406	12	0
MAP3K13	chr3	185480222	185480539	13	0
MAP3K13	chr3	185482345	185482456	14	0
MYD88	chr3	38138701	38139038	1	0
MYD88	chr3	38139854	38140008	2	0
MYD88	chr3	38140378	38140578	3	0
MYD88	chr3	38140747	38140858	4	0
MYD88	chr3	38141122	38141286	5	0
NFE2L2	chr2	177230785	177232018	5	0
NFE2L2	chr2	177232382	177232593	4	0
NFE2L2	chr2	177233240	177233349	3	0
NFE2L2	chr2	177233995	177234281	2	0
NFE2L2	chr2	177264522	177264576	1	0
ALK	chr2	29193224	29193932	29	0
ALK	chr2	29196760	29196870	28	0
ALK	chr2	29197532	29197686	27	0
ALK	chr2	29207161	29207282	26	0
ALK	chr2	29209776	29209888	25	0
ALK	chr2	29213974	29214091	24	0
ALK	chr2	29220696	29220845	23	0
ALK	chr2	29222334	29222418	22	0
ALK	chr2	29222507	29222617	21	0
ALK	chr2	29223332	29223538	20	0
ALK	chr2	29225451	29225575	19	0
ALK	chr2	29226912	29227084	18	0
ALK	chr2	29227564	29227682	17	0
ALK	chr2	29228874	29229076	16	0
ALK	chr2	29232294	29232458	15	0
ALK	chr2	29233555	29233706	14	0
ALK	chr2	29239670	29239840	13	0
ALK	chr2	29251095	29251277	12	0
ALK	chr2	29275089	29275237	11	0
ALK	chr2	29275392	29275506	10	0
ALK	chr2	29296878	29297067	9	0
ALK	chr2	29318294	29318414	8	0
ALK	chr2	29320741	29320892	7	0
ALK	chr2	29328340	29328491	6	0
ALK	chr2	29383722	29383869	5	0
ALK	chr2	29531905	29532126	4	0
ALK	chr2	29694840	29695024	3	0
ALK	chr2	29717568	29717707	2	0
ALK	chr2	29919983	29920659	1	0
FLT1	chr13	28303167	28303378	30	0
FLT1	chr13	28306668	28306782	29	0
FLT1	chr13	28308833	28308937	28	0
FLT1	chr13	28311580	28311742	27	0
FLT1	chr13	28311983	28312108	26	0
FLT1	chr13	28317488	28317607	25	0
FLT1	chr13	28319413	28319544	24	0
FLT1	chr13	28321453	28321595	23	0
FLT1	chr13	28322252	28322369	22	0
FLT1	chr13	28322780	28322956	21	0
FLT1	chr13	28327452	28327560	20	0
FLT1	chr13	28329605	28329738	19	0
FLT1	chr13	28334015	28334139	18	0
FLT1	chr13	28339158	28339310	17	0
FLT1	chr13	28345435	28345561	16	0
FLT1	chr13	28357544	28357695	15	0
FLT1	chr13	28384875	28385041	14	0
FLT1	chr13	28389786	28390114	13	0
FLT1	chr13	28396950	28397078	12	0
FLT1	chr13	28405770	28405904	11	0
FLT1	chr13	28427149	28427328	10	0
FLT1	chr13	28427742	28427931	9	0
FLT1	chr13	28430040	28430177	8	0
FLT1	chr13	28431126	28431320	7	0
FLT1	chr13	28433809	28433965	6	0
FLT1	chr13	28434048	28434230	5	0
FLT1	chr13	28438211	28438355	4	0
FLT1	chr13	28466893	28467139	3	0
FLT1	chr13	28467511	28467627	2	0
FLT1	chr13	28494770	28494843	1	0
BMPR2	chr2	202377475	202377560	1	0
BMPR2	chr2	202464799	202464989	2	0
BMPR2	chr2	202467509	202467699	3	0
BMPR2	chr2	202513709	202513839	4	0
BMPR2	chr2	202514878	202514989	5	0
BMPR2	chr2	202518812	202519062	6	0
BMPR2	chr2	202520077	202520211	7	0
BMPR2	chr2	202530784	202530964	8	0
BMPR2	chr2	202532575	202532742	9	0
BMPR2	chr2	202542301	202542457	10	0
BMPR2	chr2	202552706	202552898	11	0
BMPR2	chr2	202555242	202556541	12	0
BMPR2	chr2	202559686	202559946	13	0
CRYBG1	chr6	106360909	106361091	1	0
CRYBG1	chr6	106451684	106451842	2	0
CRYBG1	chr6	106511420	106513049	3	0
CRYBG1	chr6	106519121	106521463	4	0
CRYBG1	chr6	106525123	106525190	5	0
CRYBG1	chr6	106525258	106525396	6	0
CRYBG1	chr6	106527295	106527480	7	0
CRYBG1	chr6	106530166	106530325	8	0
CRYBG1	chr6	106539393	106539539	9	0
CRYBG1	chr6	106541576	106541631	10	0
CRYBG1	chr6	106543430	106543607	11	0
CRYBG1	chr6	106544561	106544707	12	0
CRYBG1	chr6	106544778	106544943	13	0
CRYBG1	chr6	106551842	106551988	14	0
CRYBG1	chr6	106552174	106552226	15	0
CRYBG1	chr6	106553445	106553577	16	0
CRYBG1	chr6	106555758	106555907	17	0
CRYBG1	chr6	106558476	106558635	18	0
CRYBG1	chr6	106560793	106560936	19	0
CRYBG1	chr6	106561332	106561510	20	0
CRYBG1	chr6	106563754	106563936	21	0
CRYBG1	chr6	106568462	106568566	22	0
FLT3	chr13	28004052	28004184	24	0
FLT3	chr13	28014442	28014567	23	0
FLT3	chr13	28015147	28015266	22	0
FLT3	chr13	28015580	28015711	21	0
FLT3	chr13	28018457	28018599	20	0
FLT3	chr13	28023340	28023487	19	0
FLT3	chr13	28024851	28024953	18	0
FLT3	chr13	28027078	28027251	17	0
FLT3	chr13	28028168	28028298	16	0
FLT3	chr13	28033877	28034001	15	0
FLT3	chr13	28034072	28034224	14	0
FLT3	chr13	28034291	28034417	13	0
FLT3	chr13	28035485	28035683	12	0
FLT3	chr13	28035925	28036053	11	0
FLT3	chr13	28037175	28037298	10	0
FLT3	chr13	28048265	28048453	9	0
FLT3	chr13	28049374	28049547	8	0
FLT3	chr13	28049625	28049784	7	0
FLT3	chr13	28050085	28050232	6	0
FLT3	chr13	28052535	28052684	5	0
FLT3	chr13	28057337	28057472	4	0
FLT3	chr13	28061857	28062079	3	0
FLT3	chr13	28070481	28070622	2	0
FLT3	chr13	28100458	28100510	1	0
FLT4	chr5	180603192	180603400	30	0
FLT4	chr5	180608958	180609063	29	0
FLT4	chr5	180609895	180610035	28	0
FLT4	chr5	180611321	180611489	27	0
FLT4	chr5	180612496	180612621	26	0
FLT4	chr5	180613001	180613120	25	0
FLT4	chr5	180614058	180614189	24	0
FLT4	chr5	180616357	180616499	23	0
FLT4	chr5	180616890	180617004	22	0
FLT4	chr5	180618760	180618930	21	0
FLT4	chr5	180619011	180619119	20	0
FLT4	chr5	180619243	180619376	19	0
FLT4	chr5	180619655	180619779	18	0
FLT4	chr5	180620163	180620318	17	0
FLT4	chr5	180620599	180620725	16	0
FLT4	chr5	180620866	180621017	15	0
FLT4	chr5	180621096	180621262	14	0
FLT4	chr5	180621532	180621914	13	0
FLT4	chr5	180622721	180622849	12	0
FLT4	chr5	180623925	180624071	11	0
FLT4	chr5	180625859	180626041	10	0
FLT4	chr5	180626101	180626275	9	0
FLT4	chr5	180628872	180629009	8	0
FLT4	chr5	180629249	180629437	7	0
FLT4	chr5	180629686	180629845	6	0
FLT4	chr5	180629933	180630115	5	0
FLT4	chr5	180630215	180630347	4	0
FLT4	chr5	180630545	180630809	3	0
FLT4	chr5	180631672	180631788	2	0
FLT4	chr5	180649478	180649545	1	0
PTEN	chr10	87864470	87864558	1	0
PTEN	chr10	87894015	87894119	2	0
PTEN	chr10	87925503	87925567	3	0
PTEN	chr10	87931036	87931099	4	0
PTEN	chr10	87933003	87933261	5	0
PTEN	chr10	87952108	87952269	6	0
PTEN	chr10	87957843	87958029	7	0
PTEN	chr10	87960884	87961128	8	0
PTEN	chr10	87965277	87965472	9	0
PIK3CB	chr3	138655389	138655536	24	0
PIK3CB	chr3	138656132	138656284	23	0
PIK3CB	chr3	138657680	138657845	22	0
PIK3CB	chr3	138663896	138664039	21	0
PIK3CB	chr3	138665026	138665213	20	0
PIK3CB	chr3	138681957	138682055	19	0
PIK3CB	chr3	138683668	138683797	18	0
PIK3CB	chr3	138684615	138684813	17	0
PIK3CB	chr3	138688865	138688984	16	0
PIK3CB	chr3	138690990	138691153	15	0
PIK3CB	chr3	138694776	138694917	14	0
PIK3CB	chr3	138698897	138699105	13	0
PIK3CB	chr3	138704433	138704503	12	0
PIK3CB	chr3	138707149	138707299	11	0
PIK3CB	chr3	138712198	138712314	10	0
PIK3CB	chr3	138714458	138714729	9	0
PIK3CB	chr3	138733351	138733448	8	0
PIK3CB	chr3	138734624	138734814	7	0
PIK3CB	chr3	138737697	138737896	6	0
PIK3CB	chr3	138742548	138742791	5	0
PIK3CB	chr3	138755744	138755989	4	0
PIK3CB	chr3	138759163	138759343	3	0
MSLN	chr16	762681	762775	3	0
MSLN	chr16	763223	763286	4	0
MSLN	chr16	763632	763701	5	0
MSLN	chr16	764013	764153	6	0
MSLN	chr16	764637	764736	7	0
MSLN	chr16	764897	765046	8	0
MSLN	chr16	765100	765313	9	0
MSLN	chr16	765517	765627	10	0
MSLN	chr16	765681	765800	11	0
MSLN	chr16	766049	766247	12	0
MSLN	chr16	766325	766500	13	0
MSLN	chr16	766658	766820	14	0
MSLN	chr16	766875	767022	15	0
MSLN	chr16	767366	767480	16	0
MSLN	chr16	768369	768575	17	0
MSLN	chr16	768638	768733	18	0
CDC73	chr1	193122201	193122341	1	0
CDC73	chr1	193125102	193125227	2	0
CDC73	chr1	193130164	193130253	3	0
CDC73	chr1	193135381	193135463	4	0
CDC73	chr1	193135527	193135599	5	0
CDC73	chr1	193138075	193138183	6	0
CDC73	chr1	193141840	193142076	7	0
CDC73	chr1	193147857	193147975	8	0
CDC73	chr1	193150294	193150392	9	0
CDC73	chr1	193152370	193152454	10	0
CDC73	chr1	193203785	193203862	11	0
CDC73	chr1	193212055	193212110	12	0
CDC73	chr1	193212380	193212487	13	0
CDC73	chr1	193232983	193233164	14	0
CDC73	chr1	193236246	193236366	15	0
CDC73	chr1	193249720	193249881	16	0
CDC73	chr1	193250666	193250712	17	0
PPP6C	chr9	125149673	125149931	7	0
PPP6C	chr9	125153523	125153752	6	0
PPP6C	chr9	125153896	125153995	5	0
PPP6C	chr9	125158231	125158392	4	0
PPP6C	chr9	125160831	125160916	3	0
PPP6C	chr9	125171075	125171190	2	0
PPP6C	chr9	125189634	125189718	1	0
DGCR8	chr22	20085964	20086693	2	0
DGCR8	chr22	20087152	20087331	3	0
DGCR8	chr22	20089659	20089821	4	0
DGCR8	chr22	20089966	20090268	5	0
DGCR8	chr22	20091425	20091642	6	0
DGCR8	chr22	20091859	20091980	7	0
DGCR8	chr22	20092799	20092917	8	0
DGCR8	chr22	20094703	20094805	9	0
DGCR8	chr22	20106167	20106287	10	0
DGCR8	chr22	20106582	20106708	11	0
DGCR8	chr22	20107261	20107408	12	0
DGCR8	chr22	20108880	20109013	13	0
DGCR8	chr22	20110015	20110108	14	0
ITGAV	chr2	186590339	186590533	1	0
ITGAV	chr2	186602011	186602161	2	0
ITGAV	chr2	186622329	186622440	3	0
ITGAV	chr2	186625463	186625597	4	0
ITGAV	chr2	186630787	186630868	5	0
ITGAV	chr2	186633319	186633384	6	0
ITGAV	chr2	186636072	186636217	7	0
ITGAV	chr2	186637055	186637119	8	0
ITGAV	chr2	186638267	186638330	9	0
ITGAV	chr2	186638399	186638475	10	0
ITGAV	chr2	186640905	186640977	11	0
ITGAV	chr2	186641376	186641598	12	0
ITGAV	chr2	186646676	186646887	13	0
ITGAV	chr2	186649830	186649895	14	0
ITGAV	chr2	186651972	186652099	15	0
ITGAV	chr2	186654640	186654718	16	0
ITGAV	chr2	186656237	186656411	17	0
ITGAV	chr2	186659028	186659185	18	0
ITGAV	chr2	186663758	186663845	19	0
ITGAV	chr2	186664484	186664651	20	0
ITGAV	chr2	186665116	186665228	21	0
ITGAV	chr2	186666694	186666793	22	0
ITGAV	chr2	186667140	186667240	23	0
ITGAV	chr2	186667661	186667786	24	0
ITGAV	chr2	186668752	186668930	25	0
ITGAV	chr2	186669691	186669824	26	0
ITGAV	chr2	186675594	186675727	27	0
ITGAV	chr2	186675810	186675937	28	0
ITGAV	chr2	186676803	186676945	29	0
ITGAV	chr2	186677187	186677292	30	0
ZNF521	chr18	25062712	25062751	8	0
ZNF521	chr18	25089455	25089590	7	0
ZNF521	chr18	25091940	25092091	6	0
ZNF521	chr18	25195150	25195254	5	0
ZNF521	chr18	25224335	25227707	4	0
ZNF521	chr18	25321998	25322197	3	0
ZNF521	chr18	25350897	25350946	2	0
KRTAP5-5	chr11	1629841	1630554	1	0
DNMT3A	chr2	25234279	25234430	23	0
DNMT3A	chr2	25235697	25235835	22	0
DNMT3A	chr2	25236926	25237015	21	0
DNMT3A	chr2	25239120	25239225	20	0
DNMT3A	chr2	25240292	25240460	19	0
DNMT3A	chr2	25240630	25240740	18	0
DNMT3A	chr2	25241552	25241717	17	0
DNMT3A	chr2	25243888	25243992	16	0
DNMT3A	chr2	25244145	25244348	15	0
DNMT3A	chr2	25244530	25244662	14	0
DNMT3A	chr2	25245243	25245342	13	0
DNMT3A	chr2	25246010	25246074	12	0
DNMT3A	chr2	25246150	25246319	11	0
DNMT3A	chr2	25246610	25246786	10	0
DNMT3A	chr2	25247041	25247168	9	0
DNMT3A	chr2	25247581	25247759	8	0
DNMT3A	chr2	25248027	25248262	7	0
DNMT3A	chr2	25274931	25275097	6	0
DNMT3A	chr2	25275490	25275553	5	0
DNMT3A	chr2	25282431	25282721	4	0
DNMT3A	chr2	25300129	25300253	3	0
DNMT3A	chr2	25313903	25313984	2	0
ATRX	chrX	77508351	77508639	35	0
ATRX	chrX	77520778	77520926	34	0
ATRX	chrX	77521393	77521508	33	0
ATRX	chrX	77522253	77522398	32	0
ATRX	chrX	77523242	77523411	31	0
ATRX	chrX	77557441	77557655	30	0
ATRX	chrX	77558659	77558856	29	0
ATRX	chrX	77574240	77574368	28	0
ATRX	chrX	77589824	77589950	27	0
ATRX	chrX	77593686	77593859	26	0
ATRX	chrX	77599401	77599590	25	0
ATRX	chrX	77599722	77599830	24	0
ATRX	chrX	77600424	77600574	23	0
ATRX	chrX	77616603	77616740	22	0
ATRX	chrX	77618796	77618991	21	0
ATRX	chrX	77620385	77620542	20	0
ATRX	chrX	77633197	77633394	19	0
ATRX	chrX	77633556	77633722	18	0
ATRX	chrX	77634584	77634713	17	0
ATRX	chrX	77635905	77636066	16	0
ATRX	chrX	77652104	77652363	15	0
ATRX	chrX	77654088	77654210	14	0
ATRX	chrX	77656550	77656663	13	0
ATRX	chrX	77663372	77663568	12	0
ATRX	chrX	77664635	77664788	11	0
ATRX	chrX	77676216	77676308	10	0
ATRX	chrX	77681510	77684603	9	0
ATRX	chrX	77684929	77685016	8	0
ATRX	chrX	77688808	77688937	7	0
ATRX	chrX	77693814	77693947	6	0
ATRX	chrX	77696567	77696714	5	0
ATRX	chrX	77697573	77697645	4	0
ATRX	chrX	77698564	77698639	3	0
ATRX	chrX	77717121	77717253	2	0
ATRX	chrX	77785972	77786001	1	0
FOXL2	chr3	138945592	138946722	1	0
NRG1	chr8	32548727	32548836	1	0
NRG1	chr8	32595818	32596015	2	0
NRG1	chr8	32605552	32605693	3	0
NRG1	chr8	32614504	32614574	4	0
NRG1	chr8	32616825	32616895	5	0
NRG1	chr8	32727939	32728088	6	0
NRG1	chr8	32741998	32742085	7	0
NRG1	chr8	32754362	32754484	8	0
NRG1	chr8	32756393	32756539	9	0
NRG1	chr8	32759296	32759446	10	0
NRG1	chr8	32760190	32760416	11	0
NRG1	chr8	32763738	32764402	12	0
PARD3B	chr2	204546000	204546129	1	0
PARD3B	chr2	204686171	204686292	2	0
PARD3B	chr2	204965142	204965333	3	0
PARD3B	chr2	205047571	205047700	4	0
PARD3B	chr2	205104416	205104524	5	0
PARD3B	chr2	205113481	205113587	6	0
PARD3B	chr2	205118911	205119056	7	0
PARD3B	chr2	205121581	205121959	8	0
PARD3B	chr2	205124317	205124476	9	0
PARD3B	chr2	205125599	205125747	10	0
PARD3B	chr2	205158712	205158917	11	0
PARD3B	chr2	205172201	205172391	12	0
PARD3B	chr2	205176435	205176587	13	0
PARD3B	chr2	205185754	205185873	14	0
PARD3B	chr2	205193195	205193330	15	0
PARD3B	chr2	205245768	205245832	16	0
PARD3B	chr2	205300520	205300746	17	0
PARD3B	chr2	205301454	205301711	18	0
PARD3B	chr2	205401003	205401133	19	0
PARD3B	chr2	205440360	205440682	20	0
PARD3B	chr2	205499886	205500041	21	0
PARD3B	chr2	205553314	205553413	22	0
PARD3B	chr2	205615446	205615813	23	0
TRAF7	chr16	2163921	2164011	2	0
TRAF7	chr16	2165869	2165946	3	0
TRAF7	chr16	2168067	2168178	4	0
TRAF7	chr16	2170604	2170740	5	0
TRAF7	chr16	2171254	2171366	6	0
TRAF7	chr16	2171562	2171615	7	0
TRAF7	chr16	2172181	2172384	8	0
TRAF7	chr16	2172455	2172609	9	0
TRAF7	chr16	2173172	2173409	10	0
TRAF7	chr16	2173471	2173564	11	0
TRAF7	chr16	2173778	2173846	12	0
TRAF7	chr16	2173911	2174058	13	0
TRAF7	chr16	2174241	2174343	14	0
TRAF7	chr16	2175101	2175160	15	0
TRAF7	chr16	2175291	2175427	16	0
TRAF7	chr16	2175490	2175632	17	0
TRAF7	chr16	2175824	2175963	18	0
TRAF7	chr16	2176039	2176190	19	0
TRAF7	chr16	2176255	2176394	20	0
TRAF7	chr16	2176550	2176574	21	0
PIK3CA	chr3	179198826	179199187	2	0
PIK3CA	chr3	179199680	179199909	3	0
PIK3CA	chr3	179201280	179201550	4	0
PIK3CA	chr3	179203534	179203799	5	0
PIK3CA	chr3	179204493	179204598	6	0
PIK3CA	chr3	179209585	179209710	7	0
PIK3CA	chr3	179210176	179210348	8	0
PIK3CA	chr3	179210421	179210575	9	0
PIK3CA	chr3	179218200	179218344	10	0
PIK3CA	chr3	179219186	179219287	11	0
PIK3CA	chr3	179219561	179219745	12	0
PIK3CA	chr3	179219939	179220062	13	0
PIK3CA	chr3	179220976	179221167	14	0
PIK3CA	chr3	179224071	179224197	15	0
PIK3CA	chr3	179224690	179224831	16	0
PIK3CA	chr3	179225952	179226050	17	0
PIK3CA	chr3	179229262	179229452	18	0
PIK3CA	chr3	179229994	179230131	19	0
PIK3CA	chr3	179230215	179230386	20	0
PIK3CA	chr3	179234084	179234364	21	0
IL1RAPL1	chrX	28789344	28789435	2	0
IL1RAPL1	chrX	29282928	29283227	3	0
IL1RAPL1	chrX	29396248	29396454	4	0
IL1RAPL1	chrX	29399145	29399318	5	0
IL1RAPL1	chrX	29668420	29668514	6	0
IL1RAPL1	chrX	29917454	29917606	7	0
IL1RAPL1	chrX	29919939	29920104	8	0
IL1RAPL1	chrX	29941641	29941804	9	0
IL1RAPL1	chrX	29954512	29954702	10	0
IL1RAPL1	chrX	29955092	29955820	11	0
TOP1	chr20	41029068	41029110	1	0
TOP1	chr20	41029421	41029465	2	0
TOP1	chr20	41061384	41061500	3	0
TOP1	chr20	41076161	41076304	4	0
TOP1	chr20	41077572	41077647	5	0
TOP1	chr20	41080075	41080190	6	0
TOP1	chr20	41081155	41081250	7	0
TOP1	chr20	41084452	41084578	8	0
TOP1	chr20	41092462	41092597	9	0
TOP1	chr20	41097210	41097351	10	0
TOP1	chr20	41098205	41098347	11	0
TOP1	chr20	41100046	41100253	12	0
TOP1	chr20	41101199	41101363	13	0
TOP1	chr20	41112772	41112935	14	0
TOP1	chr20	41113960	41114165	15	0
TOP1	chr20	41115361	41115449	16	0
TOP1	chr20	41116268	41116402	17	0
TOP1	chr20	41118159	41118306	18	0
TOP1	chr20	41121686	41121800	19	0
TOP1	chr20	41121996	41122165	20	0
TOP1	chr20	41123185	41123297	21	0
MET	chr7	116699085	116700294	2	0
MET	chr7	116731658	116731869	3	0
MET	chr7	116739940	116740094	4	0
MET	chr7	116740842	116741035	5	0
MET	chr7	116755345	116755525	6	0
MET	chr7	116757427	116757549	7	0
MET	chr7	116757628	116757784	8	0
MET	chr7	116758449	116758630	9	0
MET	chr7	116759381	116759500	10	0
MET	chr7	116763040	116763278	11	0
MET	chr7	116769635	116769801	12	0
MET	chr7	116771488	116771664	13	0
MET	chr7	116771839	116771999	14	0
MET	chr7	116774871	116775121	15	0
MET	chr7	116777379	116777479	16	0
MET	chr7	116778766	116778967	17	0
MET	chr7	116781978	116782107	18	0
MET	chr7	116783294	116783479	19	0
MET	chr7	116795645	116795801	20	0
MET	chr7	116795877	116796124	21	0
ZNF750	chr17	82830142	82830887	3	0
ZNF750	chr17	82831009	82832454	2	0
ITGA9	chr3	37452375	37452569	1	0
ITGA9	chr3	37470997	37471144	2	0
ITGA9	chr3	37473344	37473470	3	0
ITGA9	chr3	37481474	37481617	4	0
ITGA9	chr3	37494491	37494578	5	0
ITGA9	chr3	37503168	37503317	6	0
ITGA9	chr3	37505990	37506095	7	0
ITGA9	chr3	37508549	37508637	8	0
ITGA9	chr3	37513753	37513910	9	0
ITGA9	chr3	37517494	37517619	10	0
ITGA9	chr3	37519250	37519364	11	0
ITGA9	chr3	37523511	37523621	12	0
ITGA9	chr3	37526016	37526081	13	0
ITGA9	chr3	37533304	37533478	14	0
ITGA9	chr3	37542415	37542595	15	0
ITGA9	chr3	37629177	37629346	16	0
ITGA9	chr3	37653704	37653800	17	0
ITGA9	chr3	37683855	37684025	18	0
ITGA9	chr3	37732702	37732808	19	0
ITGA9	chr3	37736894	37736993	20	0
ITGA9	chr3	37741720	37741829	21	0
ITGA9	chr3	37743916	37744044	22	0
ITGA9	chr3	37750452	37750579	23	0
ITGA9	chr3	37777382	37777527	24	0
ITGA9	chr3	37779892	37780031	25	0
ITGA9	chr3	37784967	37785088	26	0
ITGA9	chr3	37803813	37803952	27	0
ITGA9	chr3	37818881	37818989	28	0
BIRC3	chr11	102324510	102325372	2	0
BIRC3	chr11	102325456	102325575	3	0
BIRC3	chr11	102328042	102328140	4	0
BIRC3	chr11	102328887	102328955	5	0
BIRC3	chr11	102330989	102331251	6	0
BIRC3	chr11	102335956	102336230	7	0
BIRC3	chr11	102336750	102336811	8	0
BIRC3	chr11	102336899	102337102	9	0
PPP1R15A	chr19	48873234	48874908	2	0
PPP1R15A	chr19	48875604	48875973	3	0
CEBPA	chr19	33301338	33302414	1	0
SMARCD1	chr12	50085370	50085556	1	0
SMARCD1	chr12	50086151	50086358	2	0
SMARCD1	chr12	50086611	50086673	3	0
SMARCD1	chr12	50086746	50086888	4	0
SMARCD1	chr12	50087353	50087495	5	0
SMARCD1	chr12	50088511	50088647	6	0
SMARCD1	chr12	50089874	50089995	7	0
SMARCD1	chr12	50090231	50090412	8	0
SMARCD1	chr12	50090483	50090600	9	0
SMARCD1	chr12	50094427	50094582	10	0
SMARCD1	chr12	50096840	50096982	11	0
SMARCD1	chr12	50098704	50098825	12	0
SMARCD1	chr12	50098937	50099000	13	0
TRIM51	chr11	55885429	55885849	2	0
TRIM51	chr11	55886113	55886228	3	0
TRIM51	chr11	55888022	55888272	4	0
TRIM51	chr11	55888969	55889011	5	0
TRIM51	chr11	55889932	55890049	6	0
TRIM51	chr11	55891123	55891632	7	0
HDAC2	chr6	113941058	113941098	14	0
HDAC2	chr6	113941698	113941775	13	0
HDAC2	chr6	113943341	113943516	12	0
HDAC2	chr6	113944270	113944420	11	0
HDAC2	chr6	113945352	113945480	10	0
HDAC2	chr6	113945998	113946158	9	0
HDAC2	chr6	113948969	113949097	8	0
HDAC2	chr6	113949158	113949270	7	0
HDAC2	chr6	113953267	113953428	6	0
HDAC2	chr6	113956003	113956161	5	0
HDAC2	chr6	113956609	113956703	4	0
HDAC2	chr6	113958639	113958776	3	0
HDAC2	chr6	113959896	113960028	2	0
HDAC2	chr6	113970847	113970908	1	0
SRC	chr20	37384154	37384413	4	0
SRC	chr20	37386065	37386184	5	0
SRC	chr20	37393885	37394003	6	0
SRC	chr20	37394164	37394287	7	0
SRC	chr20	37396152	37396321	8	0
SRC	chr20	37397689	37397864	9	0
SRC	chr20	37400105	37400304	10	0
SRC	chr20	37401592	37401688	11	0
SRC	chr20	37402425	37402598	12	0
SRC	chr20	37402739	37402890	13	0
SRC	chr20	37403161	37403379	14	0
PARD6G	chr18	80159771	80160616	3	0
PARD6G	chr18	80202700	80202942	2	0
PARD6G	chr18	80247267	80247348	1	0
TPTE	chr21	10538724	10538744	4	0
TPTE	chr21	10541102	10541175	5	0
TPTE	chr21	10542385	10542458	6	0
TPTE	chr21	10543319	10543392	7	0
TPTE	chr21	10552647	10552726	8	0
TPTE	chr21	10559484	10559554	9	0
TPTE	chr21	10561020	10561201	10	0
TPTE	chr21	10567660	10567799	11	0
TPTE	chr21	10569427	10569546	12	0
TPTE	chr21	10569673	10569756	13	0
TPTE	chr21	10570475	10570559	14	0
TPTE	chr21	10577450	10577530	15	0
TPTE	chr21	10578327	10578428	16	0
TPTE	chr21	10578507	10578615	17	0
TPTE	chr21	10590452	10590533	18	0
TPTE	chr21	10592283	10592383	19	0
TPTE	chr21	10595972	10596097	20	0
TPTE	chr21	10598005	10598104	21	0
TPTE	chr21	10602048	10602160	22	0
TPTE	chr21	10603552	10603642	23	0
TPTE	chr21	10605407	10605552	24	0
U2AF1	chr21	43093102	43093259	8	0
U2AF1	chr21	43094461	43094573	7	0
U2AF1	chr21	43094645	43094798	6	0
U2AF1	chr21	43095428	43095546	5	0
U2AF1	chr21	43095684	43095753	4	0
U2AF1	chr21	43100443	43100529	3	0
U2AF1	chr21	43104305	43104412	2	0
U2AF1	chr21	43107441	43107494	1	0
AMBRA1	chr11	46397450	46397953	18	0
AMBRA1	chr11	46408503	46408716	17	0
AMBRA1	chr11	46410266	46410378	16	0
AMBRA1	chr11	46417903	46418062	15	0
AMBRA1	chr11	46433464	46433638	14	0
AMBRA1	chr11	46434839	46435047	13	0
AMBRA1	chr11	46443478	46443608	12	0
AMBRA1	chr11	46493598	46493718	11	0
AMBRA1	chr11	46494114	46494214	10	0
AMBRA1	chr11	46508181	46508380	9	0
AMBRA1	chr11	46512717	46512823	8	0
AMBRA1	chr11	46541935	46543408	7	0
AMBRA1	chr11	46543965	46544051	6	0
AMBRA1	chr11	46545594	46545786	5	0
AMBRA1	chr11	46547103	46547306	4	0
AMBRA1	chr11	46547807	46547885	3	0
AMBRA1	chr11	46548236	46548380	2	0
CYP3A4	chr7	99758133	99758238	13	0
CYP3A4	chr7	99760809	99760991	12	0
CYP3A4	chr7	99762031	99762277	11	0
CYP3A4	chr7	99763845	99764025	10	0
CYP3A4	chr7	99766367	99766453	9	0
CYP3A4	chr7	99767121	99767268	8	0
CYP3A4	chr7	99768344	99768512	7	0
CYP3A4	chr7	99769758	99769866	6	0
CYP3A4	chr7	99770112	99770245	5	0
CYP3A4	chr7	99772580	99772699	4	0
CYP3A4	chr7	99778018	99778090	3	0
CYP3A4	chr7	99779982	99780095	2	0
CYP3A4	chr7	99784001	99784081	1	0
PPM1D	chr17	60600415	60600896	1	0
PPM1D	chr17	60623511	60623759	2	0
PPM1D	chr17	60633843	60633987	3	0
PPM1D	chr17	60647882	60648092	4	0
PPM1D	chr17	60656589	60656851	5	0
PPM1D	chr17	60662985	60663552	6	0
CYP3A5	chr7	99648305	99648410	13	0
CYP3A5	chr7	99650063	99650242	12	0
CYP3A5	chr7	99652543	99652789	11	0
CYP3A5	chr7	99660489	99660669	10	0
CYP3A5	chr7	99662806	99662892	9	0
CYP3A5	chr7	99663958	99664105	8	0
CYP3A5	chr7	99665156	99665324	7	0
CYP3A5	chr7	99666591	99666699	6	0
CYP3A5	chr7	99666942	99667075	5	0
CYP3A5	chr7	99672570	99672689	4	0
CYP3A5	chr7	99674523	99674595	3	0
CYP3A5	chr7	99676105	99676218	2	0
CYP3A5	chr7	99679816	99679896	1	0
ZNRF3	chr22	28883767	28884076	1	0
ZNRF3	chr22	28987066	28987211	2	0
ZNRF3	chr22	29042485	29042579	3	0
ZNRF3	chr22	29043289	29043440	4	0
ZNRF3	chr22	29044770	29044900	5	0
ZNRF3	chr22	29046706	29046893	6	0
ZNRF3	chr22	29048379	29048501	7	0
ZNRF3	chr22	29049187	29050958	8	0
ZNRF3	chr22	29053569	29053622	9	0
UGT1A8	chr2	233617708	233618572	1	0
UGT1A8	chr2	233767024	233767175	2	0
UGT1A8	chr2	233767839	233767946	3	0
UGT1A8	chr2	233768210	233768449	4	0
UGT1A8	chr2	233772252	233772559	5	0
SH2B3	chr12	111418146	111418887	2	0
SH2B3	chr12	111446743	111446864	3	0
SH2B3	chr12	111446932	111447043	4	0
SH2B3	chr12	111447115	111447229	5	0
SH2B3	chr12	111447320	111447554	6	0
SH2B3	chr12	111447646	111447837	7	0
SH2B3	chr12	111447973	111448302	8	0
SMARCE1	chr17	40628785	40629003	11	0
SMARCE1	chr17	40630704	40630934	10	0
SMARCE1	chr17	40631582	40631703	9	0
SMARCE1	chr17	40632185	40632377	8	0
SMARCE1	chr17	40635921	40636112	7	0
SMARCE1	chr17	40636385	40636536	6	0
SMARCE1	chr17	40637482	40637582	5	0
SMARCE1	chr17	40642445	40642569	4	0
SMARCE1	chr17	40645566	40645629	3	0
SMARCE1	chr17	40645786	40645802	2	0
NTRK1	chr1	156860935	156861156	1	0
NTRK1	chr1	156864344	156864438	2	0
NTRK1	chr1	156864718	156864809	3	0
NTRK1	chr1	156866900	156866988	4	0
NTRK1	chr1	156868094	156868259	5	0
NTRK1	chr1	156868495	156868657	6	0
NTRK1	chr1	156871613	156871765	7	0
NTRK1	chr1	156873623	156873969	8	0
NTRK1	chr1	156874373	156874410	9	0
NTRK1	chr1	156874561	156874636	10	0
NTRK1	chr1	156874896	156875018	11	0
NTRK1	chr1	156875510	156875676	12	0
NTRK1	chr1	156876070	156876220	13	0
NTRK1	chr1	156876390	156876582	14	0
NTRK1	chr1	156879112	156879372	15	0
NTRK1	chr1	156879989	156880167	16	0
NTRK1	chr1	156881447	156881642	17	0
NTRK2	chr9	84670749	84670970	2	0
NTRK2	chr9	84702149	84702243	3	0
NTRK2	chr9	84702338	84702429	4	0
NTRK2	chr9	84707834	84707922	5	0
NTRK2	chr9	84710627	84710801	6	0
NTRK2	chr9	84723563	84723719	7	0
NTRK2	chr9	84724214	84724366	8	0
NTRK2	chr9	84727644	84727969	9	0
NTRK2	chr9	84741882	84741937	10	0
NTRK2	chr9	84744963	84745083	11	0
NTRK2	chr9	84751976	84752095	12	0
NTRK2	chr9	84861030	84861097	13	0
NTRK2	chr9	84867233	84867441	14	0
NTRK2	chr9	84934152	84934302	15	0
NTRK2	chr9	84948452	84948644	16	0
NTRK2	chr9	84955273	84955527	17	0
NTRK2	chr9	85020196	85020374	18	0
NTRK2	chr9	85021242	85021437	19	0
KCNJ5	chr11	128911274	128912220	2	0
KCNJ5	chr11	128916399	128916731	3	0
MGA	chr15	41668895	41669968	2	0
MGA	chr15	41696065	41697033	3	0
MGA	chr15	41698853	41698951	4	0
MGA	chr15	41699054	41699169	5	0
MGA	chr15	41707718	41707869	6	0
MGA	chr15	41708094	41708218	7	0
MGA	chr15	41710681	41711359	8	0
MGA	chr15	41713141	41713506	9	0
MGA	chr15	41727170	41727416	10	0
MGA	chr15	41729154	41729359	11	0
MGA	chr15	41734512	41734604	12	0
MGA	chr15	41736171	41736708	13	0
MGA	chr15	41739896	41740213	14	0
MGA	chr15	41742536	41743182	15	0
MGA	chr15	41748627	41748937	16	0
MGA	chr15	41749101	41750625	17	0
MGA	chr15	41754427	41754577	18	0
MGA	chr15	41757778	41757849	19	0
MGA	chr15	41760313	41760539	20	0
MGA	chr15	41761729	41761860	21	0
MGA	chr15	41762119	41762372	22	0
MGA	chr15	41764876	41765072	23	0
MGA	chr15	41765994	41767280	24	0
NTRK3	chr15	87876935	87877130	20	0
NTRK3	chr15	87880260	87880438	19	0
NTRK3	chr15	87885684	87885745	18	0
NTRK3	chr15	87929181	87929444	17	0
NTRK3	chr15	87933002	87933194	16	0
NTRK3	chr15	87940613	87940763	15	0
NTRK3	chr15	88032847	88033055	14	0
NTRK3	chr15	88126261	88126383	13	0
NTRK3	chr15	88127152	88127236	12	0
NTRK3	chr15	88128701	88128744	11	0
NTRK3	chr15	88135091	88135407	10	0
NTRK3	chr15	88135889	88136050	9	0
NTRK3	chr15	88136457	88136619	8	0
NTRK3	chr15	88137394	88137571	7	0
NTRK3	chr15	88147325	88147413	6	0
NTRK3	chr15	88183408	88183499	5	0
NTRK3	chr15	88184215	88184309	4	0
NTRK3	chr15	88255896	88256153	3	0
FBXL17	chr5	107861720	107861870	9	0
FBXL17	chr5	107881027	107881189	8	0
FBXL17	chr5	108020915	108021011	7	0
FBXL17	chr5	108186107	108186257	6	0
FBXL17	chr5	108224111	108224238	5	0
FBXL17	chr5	108348389	108348540	4	0
FBXL17	chr5	108364728	108365005	3	0
FBXL17	chr5	108367821	108367963	2	0
FBXL17	chr5	108380689	108381691	1	0
PTPN11	chr12	112419112	112419135	1	0
PTPN11	chr12	112446266	112446408	2	0
PTPN11	chr12	112450308	112450522	3	0
PTPN11	chr12	112453185	112453397	4	0
PTPN11	chr12	112454554	112454690	5	0
PTPN11	chr12	112455940	112456073	6	0
PTPN11	chr12	112472934	112473050	7	0
PTPN11	chr12	112477641	112477740	8	0
PTPN11	chr12	112477847	112478025	9	0
PTPN11	chr12	112482064	112482215	10	0
PTPN11	chr12	112486465	112486639	11	0
PTPN11	chr12	112488433	112488520	12	0
PTPN11	chr12	112489014	112489185	13	0
PTPN11	chr12	112502134	112502266	14	0
PTPN11	chr12	112504685	112504764	15	0
KLF4	chr9	107485751	107485936	5	0
KLF4	chr9	107487018	107487202	4	0
KLF4	chr9	107487285	107488277	3	0
KLF4	chr9	107488920	107489060	2	0
KLF4	chr9	107489158	107489172	1	0
PTPN13	chr4	86635257	86635381	2	0
PTPN13	chr4	86672355	86672553	3	0
PTPN13	chr4	86686700	86686785	4	0
PTPN13	chr4	86688995	86689200	5	0
PTPN13	chr4	86693577	86693684	6	0
PTPN13	chr4	86701231	86701811	7	0
PTPN13	chr4	86716520	86716635	8	0
PTPN13	chr4	86717014	86717127	9	0
PTPN13	chr4	86722202	86722444	10	0
PTPN13	chr4	86732390	86732484	11	0
PTPN13	chr4	86732582	86732776	12	0
PTPN13	chr4	86734293	86734466	13	0
PTPN13	chr4	86734727	86734885	14	0
PTPN13	chr4	86735584	86735756	15	0
PTPN13	chr4	86741624	86741826	16	0
PTPN13	chr4	86744956	86745138	17	0
PTPN13	chr4	86750460	86750897	18	0
PTPN13	chr4	86751017	86751134	19	0
PTPN13	chr4	86752999	86753075	20	0
PTPN13	chr4	86758250	86758359	21	0
PTPN13	chr4	86758668	86758795	22	0
PTPN13	chr4	86758932	86759083	23	0
PTPN13	chr4	86762717	86763200	24	0
PTPN13	chr4	86764583	86764734	25	0
PTPN13	chr4	86765385	86765498	26	0
PTPN13	chr4	86766422	86766527	27	0
PTPN13	chr4	86767807	86767986	28	0
PTPN13	chr4	86769759	86769993	29	0
PTPN13	chr4	86770091	86770209	30	0
PTPN13	chr4	86771161	86771545	31	0
PTPN13	chr4	86772768	86772968	32	0
PTPN13	chr4	86774363	86774541	33	0
PTPN13	chr4	86775161	86775352	34	0
PTPN13	chr4	86775432	86775662	35	0
PTPN13	chr4	86780392	86780482	36	0
PTPN13	chr4	86782191	86782272	37	0
PTPN13	chr4	86784455	86784568	38	0
PTPN13	chr4	86785221	86785378	39	0
PTPN13	chr4	86785838	86785946	40	0
PTPN13	chr4	86796864	86796939	41	0
PTPN13	chr4	86799091	86799214	42	0
PTPN13	chr4	86803699	86803867	43	0
PTPN13	chr4	86805269	86805379	44	0
PTPN13	chr4	86807550	86807907	45	0
PTPN13	chr4	86809759	86809994	46	0
PTPN13	chr4	86811036	86811118	47	0
PTPN13	chr4	86814446	86814551	48	0
SGCZ	chr8	14090443	14090647	8	0
SGCZ	chr8	14102366	14102509	7	0
SGCZ	chr8	14108153	14108245	6	0
SGCZ	chr8	14164570	14164712	5	0
SGCZ	chr8	14237582	14237689	4	0
SGCZ	chr8	14324093	14324214	3	0
SGCZ	chr8	14554722	14554936	2	0
SGCZ	chr8	15237575	15237623	1	0
PML	chr15	73994813	73994951	1	0
PML	chr15	73997994	73998486	2	0
PML	chr15	74022818	74023418	3	0
PML	chr15	74024847	74024937	4	0
PML	chr15	74032562	74032725	5	0
PML	chr15	74033146	74033424	6	0
PML	chr15	74034468	74034540	7	0
PML	chr15	74042979	74043149	8	0
PML	chr15	74044211	74045008	9	0
ASS1	chr9	130452229	130452343	2	0
ASS1	chr9	130454295	130454383	3	0
ASS1	chr9	130458391	130458599	4	0
ASS1	chr9	130464101	130464177	5	0
ASS1	chr9	130466715	130466809	6	0
ASS1	chr9	130470824	130470914	7	0
ASS1	chr9	130471475	130471525	8	0
ASS1	chr9	130476861	130476971	9	0
ASS1	chr9	130479706	130479810	10	0
ASS1	chr9	130480375	130480459	11	0
ASS1	chr9	130489323	130489474	12	0
ASS1	chr9	130494857	130495033	13	0
ASS1	chr9	130499495	130499580	14	0
ASS1	chr9	130500966	130501021	15	0
MTOR	chr1	11107485	11107510	58	0
MTOR	chr1	11108171	11108296	57	0
MTOR	chr1	11109280	11109380	56	0
MTOR	chr1	11109639	11109739	55	0
MTOR	chr1	11112842	11112927	54	0
MTOR	chr1	11114308	11114463	53	0
MTOR	chr1	11114803	11114897	52	0
MTOR	chr1	11115386	11115478	51	0
MTOR	chr1	11116994	11117096	50	0
MTOR	chr1	11121236	11121378	49	0
MTOR	chr1	11121969	11122136	48	0
MTOR	chr1	11124488	11124643	47	0
MTOR	chr1	11126612	11126806	46	0
MTOR	chr1	11127000	11127154	45	0
MTOR	chr1	11127614	11127816	44	0
MTOR	chr1	11127994	11128136	43	0
MTOR	chr1	11128444	11128562	42	0
MTOR	chr1	11128845	11128961	41	0
MTOR	chr1	11129728	11129848	40	0
MTOR	chr1	11130519	11130787	39	0
MTOR	chr1	11133070	11133207	38	0
MTOR	chr1	11134341	11134476	37	0
MTOR	chr1	11139294	11139445	36	0
MTOR	chr1	11139523	11139668	35	0
MTOR	chr1	11144638	11144765	34	0
MTOR	chr1	11144958	11145055	33	0
MTOR	chr1	11146666	11146801	32	0
MTOR	chr1	11150116	11150236	31	0
MTOR	chr1	11157142	11157301	30	0
MTOR	chr1	11167432	11167527	29	0
MTOR	chr1	11199248	11199413	28	0
MTOR	chr1	11199531	11199713	27	0
MTOR	chr1	11204551	11204713	26	0
MTOR	chr1	11209302	11209468	25	0
MTOR	chr1	11210804	11210916	24	0
MTOR	chr1	11212302	11212484	23	0
MTOR	chr1	11212786	11212918	22	0
MTOR	chr1	11213389	11213576	21	0
MTOR	chr1	11216138	11216244	20	0
MTOR	chr1	11228658	11228928	19	0
MTOR	chr1	11230915	11231064	18	0
MTOR	chr1	11231290	11231444	17	0
MTOR	chr1	11232426	11232538	16	0
MTOR	chr1	11233388	11233497	15	0
MTOR	chr1	11234133	11234275	14	0
MTOR	chr1	11237833	11238058	13	0
MTOR	chr1	11238392	11238627	12	0
MTOR	chr1	11240293	11240557	11	0
MTOR	chr1	11241543	11241691	10	0
MTOR	chr1	11243104	11243310	9	0
MTOR	chr1	11247615	11247743	8	0
MTOR	chr1	11247809	11248104	7	0
MTOR	chr1	11253829	11253983	6	0
MTOR	chr1	11255982	11256202	5	0
MTOR	chr1	11256923	11257175	4	0
MTOR	chr1	11258475	11258603	3	0
MTOR	chr1	11259238	11259409	2	0
TBX3	chr12	114671841	114672312	7	0
TBX3	chr12	114674155	114674845	6	0
TBX3	chr12	114676303	114676480	5	0
TBX3	chr12	114677570	114677666	4	0
TBX3	chr12	114679495	114679661	3	0
TBX3	chr12	114680869	114681156	2	0
TBX3	chr12	114682802	114683200	1	0
ASXL1	chr20	32358776	32358842	1	0
ASXL1	chr20	32366374	32366476	2	0
ASXL1	chr20	32367717	32367739	3	0
ASXL1	chr20	32369005	32369133	4	0
ASXL1	chr20	32428118	32428258	5	0
ASXL1	chr20	32428315	32428432	6	0
ASXL1	chr20	32429328	32429441	7	0
ASXL1	chr20	32429891	32430063	8	0
ASXL1	chr20	32431311	32431494	9	0
ASXL1	chr20	32431573	32431689	10	0
ASXL1	chr20	32432870	32432995	11	0
ASXL1	chr20	32433274	32433927	12	0
ASXL1	chr20	32434422	32437338	13	0
RAD50	chr5	132557325	132557463	1	0
RAD50	chr5	132559274	132559377	2	0
RAD50	chr5	132575767	132575938	3	0
RAD50	chr5	132579307	132579512	4	0
RAD50	chr5	132579852	132580076	5	0
RAD50	chr5	132587552	132587700	6	0
RAD50	chr5	132587914	132588099	7	0
RAD50	chr5	132588677	132588890	8	0
RAD50	chr5	132589621	132589847	9	0
RAD50	chr5	132591214	132591416	10	0
RAD50	chr5	132591867	132592044	11	0
RAD50	chr5	132594859	132595054	12	0
RAD50	chr5	132595563	132595820	13	0
RAD50	chr5	132603290	132603499	14	0
RAD50	chr5	132603910	132604056	15	0
RAD50	chr5	132604796	132605009	16	0
RAD50	chr5	132608605	132608735	17	0
RAD50	chr5	132609107	132609219	18	0
RAD50	chr5	132609273	132609406	19	0
RAD50	chr5	132615993	132616140	20	0
RAD50	chr5	132618060	132618304	21	0
RAD50	chr5	132637105	132637210	22	0
RAD50	chr5	132638071	132638233	23	0
RAD50	chr5	132640662	132640815	24	0
RAD50	chr5	132642168	132642364	25	0
RAD51	chr15	40698759	40698855	2	0
RAD51	chr15	40701054	40701211	3	0
RAD51	chr15	40706167	40706304	4	0
RAD51	chr15	40709015	40709126	5	0
RAD51	chr15	40718795	40718909	6	0
RAD51	chr15	40728701	40728834	7	0
RAD51	chr15	40729495	40729644	8	0
RAD51	chr15	40729843	40729984	9	0
RAD51	chr15	40731045	40731178	10	0
KLF5	chr13	73059328	73059598	1	0
KLF5	chr13	73061851	73062744	2	0
KLF5	chr13	73063814	73063893	3	0
KLF5	chr13	73075698	73075886	4	0
APC	chr5	112754891	112755035	2	0
APC	chr5	112766316	112766420	3	0
APC	chr5	112767179	112767400	4	0
APC	chr5	112775619	112775747	5	0
APC	chr5	112780780	112780913	6	0
APC	chr5	112792436	112792539	7	0
APC	chr5	112801269	112801393	8	0
APC	chr5	112815485	112815603	9	0
APC	chr5	112818956	112819354	10	0
APC	chr5	112821886	112822001	11	0
APC	chr5	112827098	112827257	12	0
APC	chr5	112827919	112828016	13	0
APC	chr5	112828846	112828982	14	0
APC	chr5	112834941	112835175	15	0
APC	chr5	112837543	112844126	16	0
ASXL2	chr2	25742029	25744486	13	0
ASXL2	chr2	25749686	25750423	12	0
ASXL2	chr2	25753524	25753649	11	0
ASXL2	chr2	25756008	25756124	10	0
ASXL2	chr2	25759472	25759655	9	0
ASXL2	chr2	25767573	25767736	8	0
ASXL2	chr2	25768732	25768878	7	0
ASXL2	chr2	25771430	25771550	6	0
ASXL2	chr2	25799375	25799545	5	0
ASXL2	chr2	25806219	25806347	4	0
ASXL2	chr2	25835528	25835550	3	0
ASXL2	chr2	25845471	25845573	2	0
ASXL2	chr2	25878156	25878222	1	0
PDCD1	chr2	241851058	241851307	5	0
PDCD1	chr2	241851939	241851993	4	0
PDCD1	chr2	241852188	241852363	3	0
PDCD1	chr2	241852611	241852990	2	0
PDCD1	chr2	241858753	241858838	1	0
BCOR	chrX	40052109	40052410	15	0
BCOR	chrX	40053876	40054052	14	0
BCOR	chrX	40054246	40054343	13	0
BCOR	chrX	40055358	40055523	12	0
BCOR	chrX	40057145	40057331	11	0
BCOR	chrX	40062129	40062403	10	0
BCOR	chrX	40062736	40063081	9	0
BCOR	chrX	40063598	40063962	8	0
BCOR	chrX	40064326	40064609	7	0
BCOR	chrX	40070963	40071169	6	0
BCOR	chrX	40071627	40071700	5	0
BCOR	chrX	40072339	40075190	4	0
BCOR	chrX	40076444	40076542	3	0
BCOR	chrX	40077834	40077929	2	0
NECTIN4	chr1	161072661	161072895	9	0
NECTIN4	chr1	161073215	161073309	8	0
NECTIN4	chr1	161073710	161073805	7	0
NECTIN4	chr1	161074207	161074383	6	0
NECTIN4	chr1	161074601	161074769	5	0
NECTIN4	chr1	161076345	161076485	4	0
NECTIN4	chr1	161077443	161077753	3	0
NECTIN4	chr1	161079580	161079959	2	0
NECTIN4	chr1	161089208	161089296	1	0
PTPN2	chr18	12794278	12794495	9	0
PTPN2	chr18	12801960	12802161	8	0
PTPN2	chr18	12814193	12814365	7	0
PTPN2	chr18	12817146	12817375	6	0
PTPN2	chr18	12825800	12825954	5	0
PTPN2	chr18	12830933	12831051	4	0
PTPN2	chr18	12836781	12836901	3	0
PTPN2	chr18	12859154	12859264	2	0
PTPN2	chr18	12884063	12884141	1	0
SMARCB1	chr22	23787170	23787272	1	0
SMARCB1	chr22	23791746	23791904	2	0
SMARCB1	chr22	23793549	23793698	3	0
SMARCB1	chr22	23800934	23801091	4	0
SMARCB1	chr22	23803285	23803432	5	0
SMARCB1	chr22	23816760	23816946	6	0
SMARCB1	chr22	23825215	23825425	7	0
SMARCB1	chr22	23833562	23833713	8	0
SMARCB1	chr22	23834131	23834180	9	0
KEAP1	chr19	10486652	10486828	6	0
KEAP1	chr19	10489182	10489378	5	0
KEAP1	chr19	10489638	10489863	4	0
KEAP1	chr19	10491567	10492272	3	0
KEAP1	chr19	10499385	10500033	2	0
CBLB	chr3	105658970	105659239	19	0
CBLB	chr3	105670223	105670362	18	0
CBLB	chr3	105678421	105678581	17	0
CBLB	chr3	105681469	105681620	16	0
CBLB	chr3	105681714	105681828	15	0
CBLB	chr3	105685310	105685476	14	0
CBLB	chr3	105693484	105693598	13	0
CBLB	chr3	105702084	105702469	12	0
CBLB	chr3	105703978	105704183	11	0
CBLB	chr3	105720037	105720260	10	0
CBLB	chr3	105733999	105734150	9	0
CBLB	chr3	105737161	105737268	8	0
CBLB	chr3	105740484	105740641	7	0
CBLB	chr3	105745907	105746048	6	0
CBLB	chr3	105751452	105751628	5	0
CBLB	chr3	105776386	105776552	4	0
CBLB	chr3	105853404	105853674	3	0
CBLB	chr3	105867400	105867577	2	0
PPP2R2A	chr8	26291820	26291836	1	0
PPP2R2A	chr8	26293656	26293750	2	0
PPP2R2A	chr8	26338880	26338997	3	0
PPP2R2A	chr8	26354458	26354643	4	0
PPP2R2A	chr8	26360159	26360291	5	0
PPP2R2A	chr8	26360964	26361161	6	0
PPP2R2A	chr8	26362674	26362858	7	0
PPP2R2A	chr8	26363711	26363900	8	0
PPP2R2A	chr8	26366305	26366416	9	0
PPP2R2A	chr8	26370124	26370413	10	0
IKZF1	chr7	50319062	50319111	2	0
IKZF1	chr7	50327628	50327767	3	0
IKZF1	chr7	50376523	50376803	4	0
IKZF1	chr7	50382530	50382717	5	0
IKZF1	chr7	50387335	50387480	6	0
IKZF1	chr7	50391719	50391873	7	0
IKZF1	chr7	50399908	50400627	8	0
RPS6KA3	chrX	20155398	20155530	22	0
RPS6KA3	chrX	20156099	20156259	21	0
RPS6KA3	chrX	20161634	20161771	20	0
RPS6KA3	chrX	20162954	20163050	19	0
RPS6KA3	chrX	20164889	20165070	18	0
RPS6KA3	chrX	20167579	20167757	17	0
RPS6KA3	chrX	20169392	20169501	16	0
RPS6KA3	chrX	20172736	20172881	15	0
RPS6KA3	chrX	20175154	20175298	14	0
RPS6KA3	chrX	20176240	20176362	13	0
RPS6KA3	chrX	20176424	20176508	12	0
RPS6KA3	chrX	20176986	20177094	11	0
RPS6KA3	chrX	20186286	20186376	10	0
RPS6KA3	chrX	20187818	20187980	9	0
RPS6KA3	chrX	20188487	20188544	8	0
RPS6KA3	chrX	20193477	20193603	7	0
RPS6KA3	chrX	20194179	20194278	6	0
RPS6KA3	chrX	20195055	20195155	5	0
RPS6KA3	chrX	20204012	20204113	4	0
RPS6KA3	chrX	20209278	20209414	3	0
RPS6KA3	chrX	20234748	20234824	2	0
RPS6KA3	chrX	20266554	20266632	1	0
STS	chrX	7253200	7253346	3	0
STS	chrX	7257232	7257373	4	0
STS	chrX	7257456	7257598	5	0
STS	chrX	7259339	7259782	6	0
STS	chrX	7275941	7276097	7	0
STS	chrX	7305036	7305193	8	0
STS	chrX	7325329	7325508	9	0
STS	chrX	7333976	7334117	10	0
STS	chrX	7349878	7350261	11	0
PPP2R1A	chr19	52190097	52190184	1	0
PPP2R1A	chr19	52201934	52202044	2	0
PPP2R1A	chr19	52205953	52206073	3	0
PPP2R1A	chr19	52211250	52211502	4	0
PPP2R1A	chr19	52212676	52212843	5	0
PPP2R1A	chr19	52212945	52213120	6	0
PPP2R1A	chr19	52215769	52215903	7	0
PPP2R1A	chr19	52215994	52216084	8	0
PPP2R1A	chr19	52216519	52216673	9	0
PPP2R1A	chr19	52219681	52219874	10	0
PPP2R1A	chr19	52220179	52220259	11	0
PPP2R1A	chr19	52220969	52221143	12	0
PPP2R1A	chr19	52222089	52222251	13	0
PPP2R1A	chr19	52225707	52225818	14	0
PPP2R1A	chr19	52225955	52225981	15	0
CHEK2	chr22	28687897	28687996	15	0
CHEK2	chr22	28689125	28689225	14	0
CHEK2	chr22	28694022	28694127	13	0
CHEK2	chr22	28695117	28695252	12	0
CHEK2	chr22	28695700	28695883	11	0
CHEK2	chr22	28696891	28696997	10	0
CHEK2	chr22	28699828	28699947	9	0
CHEK2	chr22	28703495	28703576	8	0
CHEK2	chr22	28709996	28710069	7	0
CHEK2	chr22	28711899	28712027	6	0
CHEK2	chr22	28719385	28719495	5	0
CHEK2	chr22	28724967	28725134	4	0
CHEK2	chr22	28725233	28725377	3	0
CHEK2	chr22	28734393	28734721	2	0
CHEK1	chr11	125626769	125626843	2	0
CHEK1	chr11	125627597	125627840	3	0
CHEK1	chr11	125629222	125629306	4	0
CHEK1	chr11	125629381	125629470	5	0
CHEK1	chr11	125633153	125633361	6	0
CHEK1	chr11	125635419	125635543	7	0
CHEK1	chr11	125637439	125637554	8	0
CHEK1	chr11	125643782	125643910	9	0
CHEK1	chr11	125644081	125644278	10	0
CHEK1	chr11	125644502	125644653	11	0
CHEK1	chr11	125653736	125653857	12	0
CHEK1	chr11	125655215	125655320	13	0
KDR	chr4	55079941	55080173	30	0
KDR	chr4	55081946	55082051	29	0
KDR	chr4	55082526	55082645	28	0
KDR	chr4	55087597	55087768	27	0
KDR	chr4	55088858	55088983	26	0
KDR	chr4	55089364	55089483	25	0
KDR	chr4	55089681	55089812	24	0
KDR	chr4	55089946	55090088	23	0
KDR	chr4	55092607	55092724	22	0
KDR	chr4	55094792	55094965	21	0
KDR	chr4	55095567	55095675	20	0
KDR	chr4	55096219	55096352	19	0
KDR	chr4	55097652	55097776	18	0
KDR	chr4	55098127	55098282	17	0
KDR	chr4	55098687	55098813	16	0
KDR	chr4	55101887	55102038	15	0
KDR	chr4	55102352	55102518	14	0
KDR	chr4	55104633	55104994	13	0
KDR	chr4	55105822	55105950	12	0
KDR	chr4	55106677	55106820	11	0
KDR	chr4	55107727	55107903	10	0
KDR	chr4	55110393	55110576	9	0
KDR	chr4	55110644	55110778	8	0
KDR	chr4	55113294	55113491	7	0
KDR	chr4	55114116	55114275	6	0
KDR	chr4	55114864	55115052	5	0
KDR	chr4	55115271	55115421	4	0
KDR	chr4	55118594	55118810	3	0
KDR	chr4	55121087	55121200	2	0
KDR	chr4	55125217	55125293	1	0
SOX9	chr17	72121392	72121832	1	0
SOX9	chr17	72122709	72122982	2	0
SOX9	chr17	72123533	72124387	3	0
B2M	chr15	44711547	44711623	1	0
B2M	chr15	44715413	44715711	2	0
B2M	chr15	44716319	44716342	3	0
TP63	chr3	189631516	189631587	1	0
TP63	chr3	189737730	189737878	2	0
TP63	chr3	189738632	189738784	3	0
TP63	chr3	189808262	189808536	4	0
TP63	chr3	189864222	189864428	5	0
TP63	chr3	189866672	189866807	6	0
TP63	chr3	189867823	189867952	7	0
TP63	chr3	189868570	189868726	8	0
TP63	chr3	189869314	189869416	9	0
TP63	chr3	189872849	189873005	10	0
TP63	chr3	189886384	189886561	11	0
TP63	chr3	189889330	189889494	12	0
TP63	chr3	189890779	189890892	13	0
TP63	chr3	189894196	189894502	14	0
SOX4	chr6	21594535	21595959	1	0
EYS	chr6	63720596	63721807	43	0
EYS	chr6	63726509	63726690	42	0
EYS	chr6	63762451	63762643	41	0
EYS	chr6	63777996	63778190	40	0
EYS	chr6	63788095	63788259	39	0
EYS	chr6	63789048	63789234	38	0
EYS	chr6	63806180	63806382	37	0
EYS	chr6	63864176	63864368	36	0
EYS	chr6	63984373	63984613	35	0
EYS	chr6	63999065	63999193	34	0
EYS	chr6	64066328	64066501	33	0
EYS	chr6	64081846	64082012	32	0
EYS	chr6	64230582	64230834	31	0
EYS	chr6	64306960	64307092	30	0
EYS	chr6	64388680	64388850	29	0
EYS	chr6	64436164	64436275	28	0
EYS	chr6	64439152	64439362	27	0
EYS	chr6	64590213	64591999	26	0
EYS	chr6	64593107	64593319	25	0
EYS	chr6	64617408	64617543	24	0
EYS	chr6	64626111	64626255	23	0
EYS	chr6	64813368	64813587	22	0
EYS	chr6	64821635	64821733	21	0
EYS	chr6	64822641	64822832	20	0
EYS	chr6	64886687	64886852	19	0
EYS	chr6	64902103	64902230	18	0
EYS	chr6	64902394	64902510	17	0
EYS	chr6	64912474	64912753	16	0
EYS	chr6	64945783	64945924	15	0
EYS	chr6	64997572	64997713	14	0
EYS	chr6	65057604	65057737	13	0
EYS	chr6	65295853	65296129	12	0
EYS	chr6	65334970	65335156	11	0
EYS	chr6	65344028	65344187	10	0
EYS	chr6	65353448	65353627	9	0
EYS	chr6	65384376	65384510	8	0
EYS	chr6	65402468	65402615	7	0
EYS	chr6	65405164	65405377	6	0
EYS	chr6	65490584	65490717	5	0
EYS	chr6	65494653	65495410	4	0
ACVR1	chr2	157737531	157737675	11	0
ACVR1	chr2	157738430	157738580	10	0
ACVR1	chr2	157760870	157761087	9	0
ACVR1	chr2	157765911	157766206	8	0
ACVR1	chr2	157770358	157770524	7	0
ACVR1	chr2	157774078	157774197	6	0
ACVR1	chr2	157778121	157778352	5	0
ACVR1	chr2	157780327	157780610	4	0
ACVR1	chr2	157799417	157799493	3	0
JMJD4	chr1	227732392	227732686	6	0
JMJD4	chr1	227732871	227733037	5	0
JMJD4	chr1	227733404	227733691	4	0
JMJD4	chr1	227733897	227734042	3	0
JMJD4	chr1	227734641	227734826	2	0
JMJD4	chr1	227735002	227735273	1	0
SLC34A2	chr4	25662501	25662622	2	0
SLC34A2	chr4	25662695	25662852	3	0
SLC34A2	chr4	25664192	25664340	4	0
SLC34A2	chr4	25666118	25666281	5	0
SLC34A2	chr4	25667870	25668001	6	0
SLC34A2	chr4	25669637	25669852	7	0
SLC34A2	chr4	25670728	25670843	8	0
SLC34A2	chr4	25671591	25671731	9	0
SLC34A2	chr4	25673077	25673264	10	0
SLC34A2	chr4	25674286	25674422	11	0
SLC34A2	chr4	25674495	25674639	12	0
SLC34A2	chr4	25676125	25676749	13	0
SMARCC1	chr3	47588209	47588316	28	0
SMARCC1	chr3	47590651	47590847	27	0
SMARCC1	chr3	47610056	47610337	26	0
SMARCC1	chr3	47622197	47622351	25	0
SMARCC1	chr3	47635180	47635354	24	0
SMARCC1	chr3	47636012	47636146	23	0
SMARCC1	chr3	47638715	47638790	22	0
SMARCC1	chr3	47661284	47661465	21	0
SMARCC1	chr3	47662324	47662602	20	0
SMARCC1	chr3	47670648	47670727	19	0
SMARCC1	chr3	47675465	47675598	18	0
SMARCC1	chr3	47676619	47676792	17	0
SMARCC1	chr3	47678188	47678321	16	0
SMARCC1	chr3	47680427	47680518	15	0
SMARCC1	chr3	47686039	47686180	14	0
SMARCC1	chr3	47689377	47689434	13	0
SMARCC1	chr3	47693231	47693310	12	0
SMARCC1	chr3	47701268	47701412	11	0
SMARCC1	chr3	47706399	47706540	10	0
SMARCC1	chr3	47710673	47710818	9	0
SMARCC1	chr3	47714405	47714500	8	0
SMARCC1	chr3	47720656	47720745	7	0
SMARCC1	chr3	47729015	47729104	6	0
SMARCC1	chr3	47736024	47736136	5	0
SMARCC1	chr3	47738019	47738120	4	0
SMARCC1	chr3	47745898	47746003	3	0
SMARCC1	chr3	47772807	47772946	2	0
SMARCC1	chr3	47781593	47781797	1	0
SMARCC2	chr12	56163689	56163775	29	0
SMARCC2	chr12	56164293	56164741	28	0
SMARCC2	chr12	56165308	56165709	27	0
SMARCC2	chr12	56168050	56168204	26	0
SMARCC2	chr12	56169519	56169705	25	0
SMARCC2	chr12	56169766	56169921	24	0
SMARCC2	chr12	56170134	56170218	23	0
SMARCC2	chr12	56171261	56171442	22	0
SMARCC2	chr12	56171669	56171947	21	0
SMARCC2	chr12	56172418	56172500	20	0
SMARCC2	chr12	56172575	56172714	19	0
SMARCC2	chr12	56172927	56173039	18	0
SMARCC2	chr12	56173686	56173859	17	0
SMARCC2	chr12	56174641	56174774	16	0
SMARCC2	chr12	56178012	56178103	15	0
SMARCC2	chr12	56178394	56178544	14	0
SMARCC2	chr12	56178800	56178857	13	0
SMARCC2	chr12	56178987	56179066	12	0
SMARCC2	chr12	56180967	56181111	11	0
SMARCC2	chr12	56181472	56181607	10	0
SMARCC2	chr12	56181694	56181845	9	0
SMARCC2	chr12	56181994	56182089	8	0
SMARCC2	chr12	56183851	56183940	7	0
SMARCC2	chr12	56184165	56184254	6	0
SMARCC2	chr12	56184834	56184946	5	0
SMARCC2	chr12	56185020	56185121	4	0
SMARCC2	chr12	56186145	56186250	3	0
SMARCC2	chr12	56187177	56187316	2	0
SMARCC2	chr12	56189341	56189461	1	0
HLA-B	chr6	31354483	31354536	7	15
HLA-B	chr6	31354623	31354675	6	15
HLA-B	chr6	31355097	31355233	5	15
HLA-B	chr6	31355307	31355602	4	15
HLA-B	chr6	31356157	31356452	3	14
HLA-B	chr6	31356678	31356967	2	15
HLA-B	chr6	31357076	31357158	1	15
HLA-C	chr6	31269169	31269183	8	16
HLA-C	chr6	31269328	31269395	7	16
HLA-C	chr6	31269483	31269535	6	14
HLA-C	chr6	31269956	31270095	5	14
HLA-C	chr6	31270200	31270495	4	15
HLA-C	chr6	31271063	31271358	3	15
HLA-C	chr6	31271589	31271878	2	15
HLA-C	chr6	31271989	31272071	1	15
HLA-A	chr6	29942554	29942636	1	15
HLA-A	chr6	29942747	29943036	2	15
HLA-A	chr6	29943258	29943553	3	15
HLA-A	chr6	29944112	29944407	4	15
HLA-A	chr6	29944490	29944626	5	15
HLA-A	chr6	29945049	29945101	6	16
HLA-A	chr6	29945224	29945291	7	14
HLA-A	chr6	29945441	29945455	8	14
KRT5	chr12	52514942	52515250	9	0
KRT5	chr12	52515788	52515842	8	0
KRT5	chr12	52516627	52516867	7	0
KRT5	chr12	52517097	52517242	6	0
KRT5	chr12	52517580	52517764	5	0
KRT5	chr12	52517887	52518002	4	0
KRT5	chr12	52518093	52518173	3	0
KRT5	chr12	52518936	52519170	2	0
KRT5	chr12	52519732	52520296	1	0
HNF1A	chr12	120978769	120979104	1	0
HNF1A	chr12	120988823	120989042	2	0
HNF1A	chr12	120993510	120993716	3	0
HNF1A	chr12	120994154	120994415	4	0
HNF1A	chr12	120996252	120996423	5	0
HNF1A	chr12	120996531	120996752	6	0
HNF1A	chr12	120997464	120997675	7	0
HNF1A	chr12	120999258	120999399	8	0
HNF1A	chr12	120999473	120999637	9	0
HNF1A	chr12	121001055	121001192	10	0
CRNKL1	chr20	20036195	20036372	14	0
CRNKL1	chr20	20037313	20037581	13	0
CRNKL1	chr20	20038339	20038460	12	0
CRNKL1	chr20	20039599	20039858	11	0
CRNKL1	chr20	20040676	20040776	10	0
CRNKL1	chr20	20041556	20041635	9	0
CRNKL1	chr20	20042315	20042526	8	0
CRNKL1	chr20	20043482	20043672	7	0
CRNKL1	chr20	20045298	20045496	6	0
CRNKL1	chr20	20047755	20047941	5	0
CRNKL1	chr20	20048333	20048511	4	0
CRNKL1	chr20	20049330	20049441	3	0
CRNKL1	chr20	20050460	20050632	2	0
CRNKL1	chr20	20052282	20052342	1	0
ANK1	chr8	41661466	41661574	42	0
ANK1	chr8	41661866	41661951	41	0
ANK1	chr8	41663649	41663752	40	0
ANK1	chr8	41668257	41668574	39	0
ANK1	chr8	41672344	41672922	38	0
ANK1	chr8	41684534	41684700	37	0
ANK1	chr8	41686142	41686293	36	0
ANK1	chr8	41688146	41688240	35	0
ANK1	chr8	41688501	41688599	34	0
ANK1	chr8	41690217	41690356	33	0
ANK1	chr8	41690464	41690609	32	0
ANK1	chr8	41692638	41692886	31	0
ANK1	chr8	41693095	41693211	30	0
ANK1	chr8	41693888	41694112	29	0
ANK1	chr8	41694582	41694813	28	0
ANK1	chr8	41695167	41695341	27	0
ANK1	chr8	41696353	41696597	26	0
ANK1	chr8	41696666	41696783	25	0
ANK1	chr8	41698033	41698131	24	0
ANK1	chr8	41699442	41699558	23	0
ANK1	chr8	41701540	41701632	22	0
ANK1	chr8	41702042	41702154	21	0
ANK1	chr8	41704031	41704149	20	0
ANK1	chr8	41704364	41704482	19	0
ANK1	chr8	41706133	41706251	18	0
ANK1	chr8	41708768	41708985	17	0
ANK1	chr8	41714146	41714264	16	0
ANK1	chr8	41714966	41715084	15	0
ANK1	chr8	41715642	41715859	14	0
ANK1	chr8	41716943	41717061	13	0
ANK1	chr8	41717594	41717712	12	0
ANK1	chr8	41718096	41718214	11	0
ANK1	chr8	41719651	41719868	10	0
ANK1	chr8	41723115	41723233	9	0
ANK1	chr8	41723525	41723643	8	0
ANK1	chr8	41724446	41724564	7	0
ANK1	chr8	41725751	41725956	6	0
ANK1	chr8	41727240	41727358	5	0
ANK1	chr8	41727898	41728016	4	0
ANK1	chr8	41733961	41734079	3	0
ANK1	chr8	41758026	41758147	2	0
ANK1	chr8	41797502	41797538	1	0
RUNX1	chr21	34792135	34792620	9	0
RUNX1	chr21	34799291	34799472	8	0
RUNX1	chr21	34834400	34834611	7	0
RUNX1	chr21	34859464	34859588	6	0
RUNX1	chr21	34880547	34880723	5	0
RUNX1	chr21	34886833	34887106	4	0
RUNX1	chr21	34892915	34892973	3	0
RUNX1	chr21	35048832	35048899	2	0
BTK	chrX	101349885	101349966	19	0
BTK	chrX	101353184	101353361	18	0
BTK	chrX	101353860	101353998	17	0
BTK	chrX	101354620	101354704	16	0
BTK	chrX	101356042	101356278	15	0
BTK	chrX	101356774	101356965	14	0
BTK	chrX	101357499	101357593	13	0
BTK	chrX	101358300	101358447	12	0
BTK	chrX	101358607	101358706	11	0
BTK	chrX	101359283	101359357	10	0
BTK	chrX	101360078	101360160	9	0
BTK	chrX	101360558	101360765	8	0
BTK	chrX	101362163	101362250	7	0
BTK	chrX	101362551	101362699	6	0
BTK	chrX	101369988	101370089	5	0
BTK	chrX	101371623	101371711	4	0
BTK	chrX	101374526	101374644	3	0
BTK	chrX	101375134	101375284	2	0
TP53	chr17	7669609	7669700	11	0
TP53	chr17	7670599	7670725	10	0
TP53	chr17	7673525	7673618	9	0
TP53	chr17	7673691	7673847	8	0
TP53	chr17	7674171	7674300	7	14
TP53	chr17	7674849	7674981	6	31
TP53	chr17	7675043	7675246	5	30
TP53	chr17	7675984	7676282	4	0
TP53	chr17	7676372	7676413	3	0
TP53	chr17	7676511	7676594	2	0
EPHA2	chr1	16125215	16125330	17	0
EPHA2	chr1	16129424	16129599	16	0
EPHA2	chr1	16130216	16130429	15	0
EPHA2	chr1	16131711	16131880	14	0
EPHA2	chr1	16132054	16132283	13	0
EPHA2	chr1	16132368	16132449	12	0
EPHA2	chr1	16133170	16133378	11	0
EPHA2	chr1	16133471	16133616	10	0
EPHA2	chr1	16133850	16133925	9	0
EPHA2	chr1	16134458	16134577	8	0
EPHA2	chr1	16135026	16135199	7	0
EPHA2	chr1	16135645	16135780	6	0
EPHA2	chr1	16137843	16138195	5	0
EPHA2	chr1	16138265	16138440	4	0
EPHA2	chr1	16148368	16149057	3	0
EPHA2	chr1	16150886	16150973	2	0
EPHA2	chr1	16155838	16155932	1	0
CASZ1	chr1	10638942	10640069	21	0
CASZ1	chr1	10642849	10643010	20	0
CASZ1	chr1	10643150	10643321	19	0
CASZ1	chr1	10644907	10645098	18	0
CASZ1	chr1	10646118	10646336	17	0
CASZ1	chr1	10647791	10648149	16	0
CASZ1	chr1	10649060	10649202	15	0
CASZ1	chr1	10649273	10649447	14	0
CASZ1	chr1	10650682	10650765	13	0
CASZ1	chr1	10650931	10651086	12	0
CASZ1	chr1	10653367	10654228	11	0
CASZ1	chr1	10654409	10654601	10	0
CASZ1	chr1	10655639	10655823	9	0
CASZ1	chr1	10656636	10656746	8	0
CASZ1	chr1	10658498	10658586	7	0
CASZ1	chr1	10659692	10660546	6	0
CASZ1	chr1	10665073	10665581	5	0
CASZ1	chr1	10693864	10693889	4	0
EPAS1	chr2	46297912	46297947	1	0
EPAS1	chr2	46346863	46347073	2	0
EPAS1	chr2	46356141	46356312	3	0
EPAS1	chr2	46356714	46356818	4	0
EPAS1	chr2	46360628	46360766	5	0
EPAS1	chr2	46360875	46361100	6	0
EPAS1	chr2	46369817	46369943	7	0
EPAS1	chr2	46375680	46375847	8	0
EPAS1	chr2	46376529	46376763	9	0
EPAS1	chr2	46377884	46378097	10	0
EPAS1	chr2	46378647	46378777	11	0
EPAS1	chr2	46380217	46380727	12	0
EPAS1	chr2	46381586	46381732	13	0
EPAS1	chr2	46381965	46382099	14	0
EPAS1	chr2	46382415	46382608	15	0
EPAS1	chr2	46384499	46384660	16	0
PIK3R2	chr19	18155880	18156211	2	0
PIK3R2	chr19	18160461	18160573	3	0
PIK3R2	chr19	18160909	18160979	4	0
PIK3R2	chr19	18161044	18161195	5	0
PIK3R2	chr19	18161269	18161505	6	0
PIK3R2	chr19	18161956	18162061	7	0
PIK3R2	chr19	18162192	18162320	8	0
PIK3R2	chr19	18162398	18162516	9	0
PIK3R2	chr19	18162957	18163157	10	0
PIK3R2	chr19	18163253	18163398	11	0
PIK3R2	chr19	18166150	18166312	12	0
PIK3R2	chr19	18167120	18167316	13	0
PIK3R2	chr19	18168465	18168556	14	0
PIK3R2	chr19	18168716	18168906	15	0
PIK3R2	chr19	18169077	18169294	16	0
MST1R	chr3	49887307	49887572	20	0
MST1R	chr3	49889914	49890070	19	0
MST1R	chr3	49890475	49890660	18	0
MST1R	chr3	49891187	49891316	17	0
MST1R	chr3	49891389	49891590	16	0
MST1R	chr3	49891748	49891848	15	0
MST1R	chr3	49895157	49895383	14	0
MST1R	chr3	49895437	49895558	13	0
MST1R	chr3	49895705	49895890	12	0
MST1R	chr3	49895951	49896117	11	0
MST1R	chr3	49896185	49896414	10	0
MST1R	chr3	49896530	49896643	9	0
MST1R	chr3	49896719	49896900	8	0
MST1R	chr3	49897270	49897426	7	0
MST1R	chr3	49897510	49897695	6	0
MST1R	chr3	49898041	49898221	5	0
MST1R	chr3	49898508	49898698	4	0
MST1R	chr3	49898857	49899005	3	0
MST1R	chr3	49899065	49899273	2	0
MST1R	chr3	49902370	49903609	1	0
PIK3R1	chr5	68226676	68227019	2	0
PIK3R1	chr5	68273380	68273492	3	0
PIK3R1	chr5	68273929	68274023	4	0
PIK3R1	chr5	68279592	68279743	5	0
PIK3R1	chr5	68280518	68280739	6	0
PIK3R1	chr5	68280917	68281016	7	0
PIK3R1	chr5	68292249	68292371	8	0
PIK3R1	chr5	68293091	68293209	9	0
PIK3R1	chr5	68293293	68293493	10	0
PIK3R1	chr5	68293699	68293844	11	0
PIK3R1	chr5	68294526	68294688	12	0
PIK3R1	chr5	68295138	68295334	13	0
PIK3R1	chr5	68295410	68295498	14	0
PIK3R1	chr5	68296161	68296351	15	0
PIK3R1	chr5	68297402	68297601	16	0
CD79B	chr17	63929226	63929334	6	0
CD79B	chr17	63929424	63929485	5	0
CD79B	chr17	63929760	63929898	4	0
CD79B	chr17	63930064	63930395	3	0
CD79B	chr17	63931325	63931395	2	0
CD79B	chr17	63932185	63932261	1	0
CD79A	chr19	41877305	41877393	1	0
CD79A	chr19	41878980	41879299	2	0
CD79A	chr19	41879525	41879663	3	0
CD79A	chr19	41880660	41880748	4	0
CD79A	chr19	41880857	41880980	5	0
BRIP1	chr17	61683296	61684150	20	0
BRIP1	chr17	61685826	61686175	19	0
BRIP1	chr17	61693420	61693522	18	0
BRIP1	chr17	61715941	61716073	17	0
BRIP1	chr17	61743003	61743144	16	0
BRIP1	chr17	61744422	61744601	15	0
BRIP1	chr17	61776391	61776572	14	0
BRIP1	chr17	61780251	61780411	13	0
BRIP1	chr17	61780830	61781015	12	0
BRIP1	chr17	61784260	61784434	11	0
BRIP1	chr17	61793587	61793739	10	0
BRIP1	chr17	61799090	61799309	9	0
BRIP1	chr17	61801243	61801484	8	0
BRIP1	chr17	61808457	61808767	7	0
BRIP1	chr17	61847091	61847230	6	0
BRIP1	chr17	61849119	61849266	5	0
BRIP1	chr17	61857048	61857241	4	0
BRIP1	chr17	61859786	61859917	3	0
BRIP1	chr17	61861437	61861539	2	0
RACGAP1	chr12	49990268	49990353	17	0
RACGAP1	chr12	49990674	49990802	16	0
RACGAP1	chr12	49991988	49992143	15	0
RACGAP1	chr12	49992235	49992387	14	0
RACGAP1	chr12	49992540	49992665	13	0
RACGAP1	chr12	49994121	49994339	12	0
RACGAP1	chr12	49994404	49994519	11	0
RACGAP1	chr12	49997030	49997214	10	0
RACGAP1	chr12	49999131	49999281	9	0
RACGAP1	chr12	49999606	49999743	8	0
RACGAP1	chr12	50001162	50001262	7	0
RACGAP1	chr12	50002237	50002310	6	0
RACGAP1	chr12	50004225	50004314	5	0
RACGAP1	chr12	50005246	50005402	4	0
RACGAP1	chr12	50006424	50006646	3	0
RACGAP1	chr12	50016621	50016715	2	0
ZNF703	chr8	37695980	37696232	1	0
ZNF703	chr8	37697135	37698674	2	0
H3C3	chr6	26045411	26045821	1	0
H3C2	chr6	26031650	26032060	1	0
RBM10	chrX	47147482	47147508	2	0
RBM10	chrX	47169305	47169508	3	0
RBM10	chrX	47171018	47171268	4	0
RBM10	chrX	47173118	47173207	5	0
RBM10	chrX	47175009	47175102	6	0
RBM10	chrX	47176490	47176596	7	0
RBM10	chrX	47179093	47179173	8	0
RBM10	chrX	47179309	47179505	9	0
RBM10	chrX	47179870	47180050	10	0
RBM10	chrX	47180202	47180319	11	0
RBM10	chrX	47180409	47180516	12	0
RBM10	chrX	47181205	47181411	13	0
RBM10	chrX	47181497	47181656	14	0
RBM10	chrX	47181739	47181876	15	0
RBM10	chrX	47181941	47182052	16	0
RBM10	chrX	47182152	47182336	17	0
RBM10	chrX	47185045	47185214	18	0
RBM10	chrX	47185292	47185377	19	0
RBM10	chrX	47185432	47185640	20	0
RBM10	chrX	47185706	47185800	21	0
RBM10	chrX	47186055	47186181	22	0
RBM10	chrX	47186248	47186397	23	0
RBM10	chrX	47186464	47186599	24	0
STAT5B	chr17	42201738	42201874	19	0
STAT5B	chr17	42202330	42202457	18	0
STAT5B	chr17	42202747	42202818	17	0
STAT5B	chr17	42207548	42207738	16	0
STAT5B	chr17	42210161	42210311	15	0
STAT5B	chr17	42210393	42210507	14	0
STAT5B	chr17	42211974	42212200	13	0
STAT5B	chr17	42216004	42216116	12	0
STAT5B	chr17	42217150	42217292	11	0
STAT5B	chr17	42217367	42217474	10	0
STAT5B	chr17	42218141	42218340	9	0
STAT5B	chr17	42218713	42218888	8	0
STAT5B	chr17	42219302	42219473	7	0
STAT5B	chr17	42219702	42219852	6	0
STAT5B	chr17	42223372	42223566	5	0
STAT5B	chr17	42224769	42224878	4	0
STAT5B	chr17	42227519	42227695	3	0
STAT5B	chr17	42231990	42232127	2	0
ZRSR2	chrX	15790496	15790546	1	0
ZRSR2	chrX	15790924	15791023	2	0
ZRSR2	chrX	15799862	15799963	3	0
ZRSR2	chrX	15803678	15803806	4	0
ZRSR2	chrX	15804101	15804207	5	0
ZRSR2	chrX	15808223	15808281	6	0
ZRSR2	chrX	15809190	15809328	7	0
ZRSR2	chrX	15815667	15815900	8	0
ZRSR2	chrX	15818577	15818652	9	0
ZRSR2	chrX	15820197	15820326	10	0
ZRSR2	chrX	15822721	15823242	11	0
PTPRN2	chr7	157540714	157540795	23	0
PTPRN2	chr7	157548936	157549029	22	0
PTPRN2	chr7	157568892	157568976	21	0
PTPRN2	chr7	157571430	157571503	20	0
PTPRN2	chr7	157576603	157576789	19	0
PTPRN2	chr7	157578011	157578150	18	0
PTPRN2	chr7	157595228	157595325	17	0
PTPRN2	chr7	157603992	157604085	16	0
PTPRN2	chr7	157621352	157621519	15	0
PTPRN2	chr7	157656347	157656561	14	0
PTPRN2	chr7	157682715	157682947	13	0
PTPRN2	chr7	157898663	157898747	12	0
PTPRN2	chr7	158081288	158081387	11	0
PTPRN2	chr7	158110819	158110925	10	0
PTPRN2	chr7	158133667	158134069	9	0
PTPRN2	chr7	158136645	158136705	8	0
PTPRN2	chr7	158138284	158138525	7	0
PTPRN2	chr7	158166921	158167301	6	0
PTPRN2	chr7	158192317	158192505	5	0
PTPRN2	chr7	158205161	158205283	4	0
PTPRN2	chr7	158316809	158316942	3	0
PTPRN2	chr7	158489725	158489795	2	0
PTPRN2	chr7	158587548	158587669	1	0
LRRN3	chr7	111122773	111124899	3	0
SETDB1	chr1	150927715	150927984	2	0
SETDB1	chr1	150929957	150930128	3	0
SETDB1	chr1	150939930	150939984	4	0
SETDB1	chr1	150941319	150941438	5	0
SETDB1	chr1	150942553	150942698	6	0
SETDB1	chr1	150942842	150943063	7	0
SETDB1	chr1	150943910	150944003	8	0
SETDB1	chr1	150944908	150945118	9	0
SETDB1	chr1	150946876	150947022	10	0
SETDB1	chr1	150949112	150949288	11	0
SETDB1	chr1	150949357	150949535	12	0
SETDB1	chr1	150950448	150951100	13	0
SETDB1	chr1	150951355	150951491	14	0
SETDB1	chr1	150959168	150959357	15	0
SETDB1	chr1	150960553	150961201	16	0
SETDB1	chr1	150962120	150962168	17	0
SETDB1	chr1	150962577	150962729	18	0
SETDB1	chr1	150962964	150963149	19	0
SETDB1	chr1	150963520	150963751	20	0
SETDB1	chr1	150963985	150964093	21	0
SETDB1	chr1	150964237	150964364	22	0
XRCC1	chr19	43543392	43543515	17	0
XRCC1	chr19	43543602	43543697	16	0
XRCC1	chr19	43544134	43544244	15	0
XRCC1	chr19	43545808	43545967	14	0
XRCC1	chr19	43546042	43546116	13	0
XRCC1	chr19	43546585	43546737	12	0
XRCC1	chr19	43546874	43546987	11	0
XRCC1	chr19	43551561	43551697	10	0
XRCC1	chr19	43552007	43552285	9	0
XRCC1	chr19	43552787	43552918	8	0
XRCC1	chr19	43552972	43553101	7	0
XRCC1	chr19	43553391	43553522	6	0
XRCC1	chr19	43553599	43553693	5	0
XRCC1	chr19	43554636	43554814	4	0
XRCC1	chr19	43560900	43561030	3	0
XRCC1	chr19	43574900	43575012	2	0
XRCC1	chr19	43575398	43575458	1	0
PTK6	chr20	63529536	63529733	8	0
PTK6	chr20	63530068	63530241	7	0
PTK6	chr20	63530736	63530937	6	0
PTK6	chr20	63532516	63532697	5	0
PTK6	chr20	63533541	63533714	4	0
PTK6	chr20	63534142	63534325	3	0
PTK6	chr20	63534928	63535069	2	0
PTK6	chr20	63537075	63537314	1	0
C21orf91	chr21	17793415	17793591	5	0
C21orf91	chr21	17795198	17795280	4	0
C21orf91	chr21	17796572	17797128	3	0
C21orf91	chr21	17818182	17818318	2	0
SMARCA1	chrX	129447162	129447243	25	0
SMARCA1	chrX	129448323	129448453	24	0
SMARCA1	chrX	129465510	129465742	23	0
SMARCA1	chrX	129465834	129465972	22	0
SMARCA1	chrX	129468763	129468915	21	0
SMARCA1	chrX	129471194	129471336	20	0
SMARCA1	chrX	129480691	129480824	19	0
SMARCA1	chrX	129481065	129481195	18	0
SMARCA1	chrX	129487008	129487147	17	0
SMARCA1	chrX	129488927	129489095	16	0
SMARCA1	chrX	129490050	129490202	15	0
SMARCA1	chrX	129491931	129492103	14	0
SMARCA1	chrX	129493030	129493085	13	0
SMARCA1	chrX	129496740	129496881	12	0
SMARCA1	chrX	129497835	129498081	11	0
SMARCA1	chrX	129499722	129499851	10	0
SMARCA1	chrX	129504724	129504812	9	0
SMARCA1	chrX	129506070	129506221	8	0
SMARCA1	chrX	129507931	129508106	7	0
SMARCA1	chrX	129511794	129511993	6	0
SMARCA1	chrX	129515677	129515797	5	0
SMARCA1	chrX	129515884	129516004	4	0
SMARCA1	chrX	129516321	129516507	3	0
SMARCA1	chrX	129518351	129518457	2	0
SMARCA1	chrX	129523187	129523370	1	0
SMARCA2	chr9	2029023	2029257	2	0
SMARCA2	chr9	2032942	2033091	3	0
SMARCA2	chr9	2039456	2039910	4	0
SMARCA2	chr9	2047219	2047494	5	0
SMARCA2	chr9	2054587	2054733	6	0
SMARCA2	chr9	2056662	2056855	7	0
SMARCA2	chr9	2058281	2058474	8	0
SMARCA2	chr9	2060806	2060996	9	0
SMARCA2	chr9	2070408	2070481	10	0
SMARCA2	chr9	2073202	2073352	11	0
SMARCA2	chr9	2073556	2073633	12	0
SMARCA2	chr9	2076219	2076339	13	0
SMARCA2	chr9	2077619	2077786	14	0
SMARCA2	chr9	2081822	2082005	15	0
SMARCA2	chr9	2083337	2083423	16	0
SMARCA2	chr9	2084076	2084206	17	0
SMARCA2	chr9	2086819	2087081	18	0
SMARCA2	chr9	2088490	2088623	19	0
SMARCA2	chr9	2096647	2096774	20	0
SMARCA2	chr9	2097375	2097481	21	0
SMARCA2	chr9	2101560	2101626	22	0
SMARCA2	chr9	2103993	2104179	23	0
SMARCA2	chr9	2110244	2110427	24	0
SMARCA2	chr9	2115812	2116059	25	0
SMARCA2	chr9	2119448	2119545	26	0
SMARCA2	chr9	2123709	2123947	27	0
SMARCA2	chr9	2161676	2161913	28	0
SMARCA2	chr9	2170409	2170482	29	0
SMARCA2	chr9	2181561	2181686	30	0
SMARCA2	chr9	2182131	2182252	31	0
SMARCA2	chr9	2186086	2186238	32	0
SMARCA2	chr9	2191256	2191418	33	0
SMARCA2	chr9	2192694	2192739	34	0
PTK2	chr8	140659466	140659688	36	0
PTK2	chr8	140664907	140665007	35	0
PTK2	chr8	140668259	140668434	34	0
PTK2	chr8	140669717	140669745	33	0
PTK2	chr8	140674288	140674414	32	0
PTK2	chr8	140675450	140675509	31	0
PTK2	chr8	140686622	140686704	30	0
PTK2	chr8	140700881	140701032	29	0
PTK2	chr8	140702560	140702717	28	0
PTK2	chr8	140706109	140706215	27	0
PTK2	chr8	140717588	140717719	26	0
PTK2	chr8	140735241	140735465	25	0
PTK2	chr8	140739008	140739117	24	0
PTK2	chr8	140743220	140743340	23	0
PTK2	chr8	140744642	140744777	22	0
PTK2	chr8	140746750	140746870	21	0
PTK2	chr8	140752222	140752326	20	0
PTK2	chr8	140761155	140761272	19	0
PTK2	chr8	140762358	140762398	18	0
PTK2	chr8	140764224	140764300	17	0
PTK2	chr8	140769565	140769602	16	0
PTK2	chr8	140770706	140770809	15	0
PTK2	chr8	140789464	140789536	14	0
PTK2	chr8	140793344	140793394	13	0
PTK2	chr8	140800449	140800586	12	0
PTK2	chr8	140803533	140803660	11	0
PTK2	chr8	140818267	140818364	10	0
PTK2	chr8	140818870	140819030	9	0
PTK2	chr8	140830462	140830536	8	0
PTK2	chr8	140846250	140846332	7	0
PTK2	chr8	140846589	140846688	6	0
PTK2	chr8	140864302	140864409	5	0
PTK2	chr8	140879461	140879647	4	0
PTK2	chr8	140890533	140890737	3	0
SMARCA4	chr19	10984152	10984383	2	0
SMARCA4	chr19	10985263	10985415	3	0
SMARCA4	chr19	10986179	10986603	4	0
SMARCA4	chr19	10986895	10987013	5	0
SMARCA4	chr19	10987656	10987934	6	0
SMARCA4	chr19	10989307	10989453	7	0
SMARCA4	chr19	10991140	10991333	8	0
SMARCA4	chr19	10994818	10995011	9	0
SMARCA4	chr19	10996203	10996390	10	0
SMARCA4	chr19	10996484	10996554	11	0
SMARCA4	chr19	11003019	11003169	12	0
SMARCA4	chr19	11003330	11003407	13	0
SMARCA4	chr19	11007892	11008033	14	0
SMARCA4	chr19	11010371	11010541	15	0
SMARCA4	chr19	11012939	11013122	16	0
SMARCA4	chr19	11018947	11019033	17	0
SMARCA4	chr19	11019581	11019711	18	0
SMARCA4	chr19	11021715	11021977	19	0
SMARCA4	chr19	11023508	11023641	20	0
SMARCA4	chr19	11024321	11024448	21	0
SMARCA4	chr19	11025412	11025518	22	0
SMARCA4	chr19	11026290	11026356	23	0
SMARCA4	chr19	11027774	11027960	24	0
SMARCA4	chr19	11030720	11030903	25	0
SMARCA4	chr19	11033280	11033527	26	0
SMARCA4	chr19	11033757	11033875	27	0
SMARCA4	chr19	11034113	11034210	28	0
SMARCA4	chr19	11034904	11035142	29	0
SMARCA4	chr19	11041297	11041570	30	0
SMARCA4	chr19	11058245	11058373	31	0
SMARCA4	chr19	11058778	11058899	32	0
SMARCA4	chr19	11059743	11059895	33	0
SMARCA4	chr19	11060035	11060197	34	0
SMARCA4	chr19	11061774	11061816	35	0
TG	chr8	132867001	132867077	1	0
TG	chr8	132868105	132868233	2	0
TG	chr8	132869719	132869836	3	0
TG	chr8	132871338	132871561	4	0
TG	chr8	132873052	132873231	5	0
TG	chr8	132881853	132881979	6	0
TG	chr8	132882459	132882622	7	0
TG	chr8	132882804	132883009	8	0
TG	chr8	132886438	132887558	9	0
TG	chr8	132887974	132888578	10	0
TG	chr8	132893680	132893939	11	0
TG	chr8	132897639	132897796	12	0
TG	chr8	132898159	132898256	13	0
TG	chr8	132898788	132898920	14	0
TG	chr8	132900227	132900349	15	0
TG	chr8	132901343	132901563	16	0
TG	chr8	132906678	132906910	17	0
TG	chr8	132908176	132908350	18	0
TG	chr8	132911367	132911543	19	0
TG	chr8	132913037	132913275	20	0
TG	chr8	132919366	132919535	21	0
TG	chr8	132923328	132923518	22	0
TG	chr8	132929066	132929202	23	0
TG	chr8	132933551	132933686	24	0
TG	chr8	132935746	132935874	25	0
TG	chr8	132941341	132941552	26	0
TG	chr8	132948766	132948953	27	0
TG	chr8	132960998	132961083	28	0
TG	chr8	132962984	132963084	29	0
TG	chr8	132966550	132966707	30	0
TG	chr8	132967784	132967980	31	0
TG	chr8	132969448	132969579	32	0
TG	chr8	132971784	132971883	33	0
TG	chr8	132972588	132972751	34	0
TG	chr8	132983340	132983422	35	0
TG	chr8	133011891	133012045	36	0
TG	chr8	133013590	133013774	37	0
TG	chr8	133017768	133018007	38	0
TG	chr8	133019592	133019705	39	0
TG	chr8	133021981	133022160	40	0
TG	chr8	133029811	133030033	41	0
TG	chr8	133095034	133095218	42	0
TG	chr8	133096196	133096383	43	0
TG	chr8	133113412	133113613	44	0
TG	chr8	133116599	133116726	45	0
TG	chr8	133131802	133131956	46	0
TG	chr8	133133460	133133670	47	0
TG	chr8	133134666	133134794	48	0
STAG2	chrX	124022628	124022681	3	0
STAG2	chrX	124025830	124025928	4	0
STAG2	chrX	124030951	124031135	5	0
STAG2	chrX	124037517	124037633	6	0
STAG2	chrX	124042559	124042655	7	0
STAG2	chrX	124045154	124045378	8	0
STAG2	chrX	124047344	124047515	9	0
STAG2	chrX	124048995	124049088	10	0
STAG2	chrX	124050176	124050319	11	0
STAG2	chrX	124051111	124051229	12	0
STAG2	chrX	124051305	124051404	13	0
STAG2	chrX	124056118	124056245	14	0
STAG2	chrX	124057856	124057987	15	0
STAG2	chrX	124061214	124061351	16	0
STAG2	chrX	124061761	124061884	17	0
STAG2	chrX	124062892	124063004	18	0
STAG2	chrX	124063106	124063215	19	0
STAG2	chrX	124063838	124064061	20	0
STAG2	chrX	124065866	124065956	21	0
STAG2	chrX	124066165	124066272	22	0
STAG2	chrX	124066346	124066446	23	0
STAG2	chrX	124068554	124068666	24	0
STAG2	chrX	124071139	124071333	25	0
STAG2	chrX	124076322	124076481	26	0
STAG2	chrX	124077947	124078068	27	0
STAG2	chrX	124081370	124081538	28	0
STAG2	chrX	124083411	124083559	29	0
STAG2	chrX	124086537	124086780	30	0
STAG2	chrX	124090565	124090774	31	0
STAG2	chrX	124090844	124090974	32	0
STAG2	chrX	124094008	124094154	33	0
STAG2	chrX	124095362	124095459	34	0
STAG2	chrX	124100564	124100597	35	0
FUBP1	chr1	77948766	77948784	20	0
FUBP1	chr1	77949145	77949310	19	0
FUBP1	chr1	77955245	77955339	18	0
FUBP1	chr1	77956562	77956710	17	0
FUBP1	chr1	77960174	77960273	16	0
FUBP1	chr1	77960334	77960505	15	0
FUBP1	chr1	77962760	77962940	14	0
FUBP1	chr1	77963564	77963725	13	0
FUBP1	chr1	77964052	77964172	12	0
FUBP1	chr1	77964244	77964366	11	0
FUBP1	chr1	77964636	77964757	10	0
FUBP1	chr1	77964860	77964978	9	0
FUBP1	chr1	77965059	77965241	8	0
FUBP1	chr1	77966684	77966761	7	0
FUBP1	chr1	77966874	77966965	6	0
FUBP1	chr1	77967039	77967111	5	0
FUBP1	chr1	77967617	77967676	4	0
FUBP1	chr1	77968155	77968213	3	0
FUBP1	chr1	77969915	77970025	2	0
FUBP1	chr1	77978875	77979004	1	0
ID1	chr20	31605388	31605823	1	0
ID1	chr20	31606043	31606094	2	0
ATM	chr11	108227625	108227706	2	0
ATM	chr11	108227766	108227898	3	0
ATM	chr11	108229168	108229333	4	0
ATM	chr11	108235660	108235844	5	0
ATM	chr11	108243943	108244128	6	0
ATM	chr11	108244778	108245036	7	0
ATM	chr11	108246954	108247137	8	0
ATM	chr11	108248923	108249112	9	0
ATM	chr11	108250691	108251082	10	0
ATM	chr11	108251827	108252041	11	0
ATM	chr11	108252807	108252922	12	0
ATM	chr11	108253804	108254049	13	0
ATM	chr11	108256205	108256350	14	0
ATM	chr11	108257471	108257616	15	0
ATM	chr11	108258976	108259085	16	0
ATM	chr11	108267161	108267352	17	0
ATM	chr11	108268400	108268619	18	0
ATM	chr11	108271054	108271156	19	0
ATM	chr11	108271241	108271416	20	0
ATM	chr11	108272522	108272617	21	0
ATM	chr11	108272712	108272862	22	0
ATM	chr11	108279481	108279618	23	0
ATM	chr11	108280985	108281178	24	0
ATM	chr11	108282700	108282889	25	0
ATM	chr11	108284217	108284483	26	0
ATM	chr11	108287590	108287725	27	0
ATM	chr11	108288967	108289113	28	0
ATM	chr11	108289592	108289811	29	0
ATM	chr11	108292609	108292803	30	0
ATM	chr11	108293303	108293487	31	0
ATM	chr11	108294917	108295069	32	0
ATM	chr11	108297277	108297392	33	0
ATM	chr11	108299704	108299895	34	0
ATM	chr11	108301638	108301799	35	0
ATM	chr11	108302843	108303039	36	0
ATM	chr11	108304665	108304862	37	0
ATM	chr11	108307887	108307994	38	0
ATM	chr11	108310150	108310325	39	0
ATM	chr11	108312401	108312508	40	0
ATM	chr11	108315813	108315921	41	0
ATM	chr11	108316001	108316123	42	0
ATM	chr11	108317363	108317531	43	0
ATM	chr11	108319944	108320068	44	0
ATM	chr11	108321291	108321430	45	0
ATM	chr11	108325300	108325554	46	0
ATM	chr11	108326048	108326235	47	0
ATM	chr11	108327635	108327768	48	0
ATM	chr11	108329011	108329248	49	0
ATM	chr11	108330204	108330431	50	0
ATM	chr11	108331434	108331567	51	0
ATM	chr11	108331869	108332047	52	0
ATM	chr11	108332752	108332910	53	0
ATM	chr11	108333876	108333978	54	0
ATM	chr11	108334959	108335119	55	0
ATM	chr11	108335835	108335971	56	0
ATM	chr11	108343212	108343381	57	0
ATM	chr11	108345733	108345918	58	0
ATM	chr11	108347269	108347375	59	0
ATM	chr11	108353756	108353890	60	0
ATM	chr11	108354801	108354884	61	0
ATM	chr11	108365072	108365228	62	0
ATM	chr11	108365315	108365508	63	0
CCSER1	chr4	90308285	90309618	2	0
CCSER1	chr4	90312853	90313057	3	0
CCSER1	chr4	90400026	90400139	4	0
CCSER1	chr4	90468224	90468364	5	0
CCSER1	chr4	90628015	90628242	6	0
CCSER1	chr4	90723904	90724001	7	0
CCSER1	chr4	90815752	90815855	8	0
CCSER1	chr4	90923360	90923457	9	0
CCSER1	chr4	91085940	91086004	10	0
CCSER1	chr4	91598562	91599057	11	0
CALR	chr19	12938680	12938780	1	0
CALR	chr19	12939124	12939245	2	0
CALR	chr19	12939418	12939641	3	0
CALR	chr19	12940043	12940157	4	0
CALR	chr19	12940233	12940462	5	0
CALR	chr19	12940531	12940664	6	0
CALR	chr19	12940734	12940897	7	0
CALR	chr19	12943527	12943639	8	0
CALR	chr19	12943703	12943913	9	0
BAP1	chr3	52402288	52402431	17	0
BAP1	chr3	52402592	52402684	16	0
BAP1	chr3	52402769	52402881	15	0
BAP1	chr3	52403128	52403308	14	0
BAP1	chr3	52403406	52403904	13	0
BAP1	chr3	52404443	52404596	12	0
BAP1	chr3	52405100	52405304	11	0
BAP1	chr3	52405755	52405922	10	0
BAP1	chr3	52406243	52406386	9	0
BAP1	chr3	52406819	52406917	8	0
BAP1	chr3	52407164	52407326	7	0
BAP1	chr3	52407389	52407470	6	0
BAP1	chr3	52407948	52408087	5	0
BAP1	chr3	52408464	52408616	4	0
BAP1	chr3	52409544	52409618	3	0
BAP1	chr3	52409704	52409753	2	0
BAP1	chr3	52409832	52409878	1	0
ATR	chr3	142449429	142449612	47	0
ATR	chr3	142453118	142453243	46	0
ATR	chr3	142457594	142457765	45	0
ATR	chr3	142458948	142459121	44	0
ATR	chr3	142459217	142459393	43	0
ATR	chr3	142461930	142462100	42	0
ATR	chr3	142465087	142465250	41	0
ATR	chr3	142466314	142466543	40	0
ATR	chr3	142467924	142468078	39	0
ATR	chr3	142469327	142469579	38	0
ATR	chr3	142470076	142470193	37	0
ATR	chr3	142485130	142485292	36	0
ATR	chr3	142493122	142493321	35	0
ATR	chr3	142496351	142496530	34	0
ATR	chr3	142497003	142497202	33	0
ATR	chr3	142498587	142498784	32	0
ATR	chr3	142499617	142499728	31	0
ATR	chr3	142503352	142503463	30	0
ATR	chr3	142505129	142505313	29	0
ATR	chr3	142507921	142508119	28	0
ATR	chr3	142512250	142512480	27	0
ATR	chr3	142513491	142513648	26	0
ATR	chr3	142515385	142515525	25	0
ATR	chr3	142519659	142519794	24	0
ATR	chr3	142522718	142522851	23	0
ATR	chr3	142523983	142524209	22	0
ATR	chr3	142535070	142535215	21	0
ATR	chr3	142536098	142536211	20	0
ATR	chr3	142538472	142538635	19	0
ATR	chr3	142540894	142541044	18	0
ATR	chr3	142542655	142542767	17	0
ATR	chr3	142547715	142547920	16	0
ATR	chr3	142549469	142549683	15	0
ATR	chr3	142550122	142550312	14	0
ATR	chr3	142553217	142553408	13	0
ATR	chr3	142553630	142553750	12	0
ATR	chr3	142553815	142554025	11	0
ATR	chr3	142555867	142556149	10	0
ATR	chr3	142556373	142556585	9	0
ATR	chr3	142558614	142558786	8	0
ATR	chr3	142559241	142559451	7	0
ATR	chr3	142560253	142560464	6	0
ATR	chr3	142561233	142561431	5	0
ATR	chr3	142562222	142563119	4	0
ATR	chr3	142566111	142566271	3	0
ATR	chr3	142568053	142568164	2	0
ATR	chr3	142578636	142578704	1	0
TOP2A	chr17	40389519	40389657	35	0
TOP2A	chr17	40389955	40390174	34	0
TOP2A	chr17	40391496	40391650	33	0
TOP2A	chr17	40392058	40392121	32	0
TOP2A	chr17	40392208	40392351	31	0
TOP2A	chr17	40392575	40392747	30	0
TOP2A	chr17	40395439	40395549	29	0
TOP2A	chr17	40396273	40396475	28	0
TOP2A	chr17	40398548	40398651	27	0
TOP2A	chr17	40398763	40398947	26	0
TOP2A	chr17	40399030	40399141	25	0
TOP2A	chr17	40399862	40400077	24	0
TOP2A	chr17	40400199	40400419	23	0
TOP2A	chr17	40400519	40400673	22	0
TOP2A	chr17	40400840	40401091	21	0
TOP2A	chr17	40402896	40403064	20	0
TOP2A	chr17	40404142	40404283	19	0
TOP2A	chr17	40404367	40404501	18	0
TOP2A	chr17	40404781	40404893	17	0
TOP2A	chr17	40406374	40406503	16	0
TOP2A	chr17	40406574	40406699	15	0
TOP2A	chr17	40406822	40406952	14	0
TOP2A	chr17	40407539	40407684	13	0
TOP2A	chr17	40407957	40408134	12	0
TOP2A	chr17	40408482	40408640	11	0
TOP2A	chr17	40411099	40411256	10	0
TOP2A	chr17	40411344	40411465	9	0
TOP2A	chr17	40411635	40411828	8	0
TOP2A	chr17	40412749	40412981	7	0
TOP2A	chr17	40413185	40413302	6	0
TOP2A	chr17	40413470	40413635	5	0
TOP2A	chr17	40415995	40416078	4	0
TOP2A	chr17	40416412	40416522	3	0
TOP2A	chr17	40416730	40416905	2	0
TOP2A	chr17	40417761	40417791	1	0
RYR1	chr19	38433830	38433884	1	0
RYR1	chr19	38440735	38440874	2	0
RYR1	chr19	38442339	38442463	3	0
RYR1	chr19	38443548	38443642	4	0
RYR1	chr19	38443708	38443806	5	0
RYR1	chr19	38444139	38444271	6	0
RYR1	chr19	38444574	38444687	7	0
RYR1	chr19	38446462	38446575	8	0
RYR1	chr19	38446684	38446778	9	0
RYR1	chr19	38448345	38448521	10	0
RYR1	chr19	38448639	38448823	11	0
RYR1	chr19	38451754	38451895	12	0
RYR1	chr19	38452809	38453024	13	0
RYR1	chr19	38455225	38455380	14	0
RYR1	chr19	38455441	38455556	15	0
RYR1	chr19	38455623	38455761	16	0
RYR1	chr19	38457487	38457640	17	0
RYR1	chr19	38458041	38458302	18	0
RYR1	chr19	38459136	38459348	19	0
RYR1	chr19	38460365	38460601	20	0
RYR1	chr19	38463413	38463537	21	0
RYR1	chr19	38463737	38463860	22	0
RYR1	chr19	38464629	38464732	23	0
RYR1	chr19	38466081	38466408	24	0
RYR1	chr19	38467600	38467822	25	0
RYR1	chr19	38468956	38469150	26	0
RYR1	chr19	38469295	38469523	27	0
RYR1	chr19	38473367	38473781	28	0
RYR1	chr19	38475308	38475460	29	0
RYR1	chr19	38477700	38477880	30	0
RYR1	chr19	38478425	38478610	31	0
RYR1	chr19	38483017	38483123	32	0
RYR1	chr19	38483280	38483526	33	0
RYR1	chr19	38485580	38486212	34	0
RYR1	chr19	38489167	38489453	35	0
RYR1	chr19	38490066	38490286	36	0
RYR1	chr19	38490611	38490742	37	0
RYR1	chr19	38492480	38492646	38	0
RYR1	chr19	38494342	38494635	39	0
RYR1	chr19	38496205	38496339	40	0
RYR1	chr19	38496399	38496551	41	0
RYR1	chr19	38496850	38496964	42	0
RYR1	chr19	38499098	38499253	43	0
RYR1	chr19	38499625	38499831	44	0
RYR1	chr19	38499898	38500026	45	0
RYR1	chr19	38500596	38500736	46	0
RYR1	chr19	38500811	38501000	47	0
RYR1	chr19	38502497	38502737	48	0
RYR1	chr19	38502870	38502980	49	0
RYR1	chr19	38504210	38504370	50	0
RYR1	chr19	38504738	38504921	51	0
RYR1	chr19	38504993	38505091	52	0
RYR1	chr19	38505299	38505408	53	0
RYR1	chr19	38505796	38505956	54	0
RYR1	chr19	38506293	38506387	55	0
RYR1	chr19	38506461	38506556	56	0
RYR1	chr19	38506819	38506962	57	0
RYR1	chr19	38507702	38507837	58	0
RYR1	chr19	38510488	38510575	59	0
RYR1	chr19	38510650	38510791	60	0
RYR1	chr19	38511551	38511620	61	0
RYR1	chr19	38512062	38512142	62	0
RYR1	chr19	38512235	38512493	63	0
RYR1	chr19	38515016	38515117	64	0
RYR1	chr19	38516077	38516227	65	0
RYR1	chr19	38517349	38517701	66	0
RYR1	chr19	38519204	38519464	67	0
RYR1	chr19	38523018	38523125	68	0
RYR1	chr19	38523207	38523319	69	0
RYR1	chr19	38523905	38523939	70	0
RYR1	chr19	38525322	38525512	71	0
RYR1	chr19	38526983	38527062	72	0
RYR1	chr19	38527637	38527794	73	0
RYR1	chr19	38528296	38528428	74	0
RYR1	chr19	38528589	38528705	75	0
RYR1	chr19	38528941	38529067	76	0
RYR1	chr19	38532480	38532551	77	0
RYR1	chr19	38532661	38532746	78	0
RYR1	chr19	38534710	38534829	79	0
RYR1	chr19	38535131	38535230	80	0
RYR1	chr19	38535306	38535402	81	0
RYR1	chr19	38535987	38536080	82	0
RYR1	chr19	38536740	38536777	83	0
RYR1	chr19	38537870	38537970	84	0
RYR1	chr19	38543337	38543445	85	0
RYR1	chr19	38543522	38543670	86	0
RYR1	chr19	38543761	38543885	87	0
RYR1	chr19	38546435	38546536	88	0
RYR1	chr19	38548223	38548430	89	0
RYR1	chr19	38561103	38561464	90	0
RYR1	chr19	38564949	38565781	91	0
RYR1	chr19	38566901	38566997	92	0
RYR1	chr19	38567763	38567927	93	0
RYR1	chr19	38570597	38570703	94	0
RYR1	chr19	38572009	38572280	95	0
RYR1	chr19	38573167	38573317	96	0
RYR1	chr19	38575909	38575971	97	0
RYR1	chr19	38577908	38578058	98	0
RYR1	chr19	38578134	38578214	99	0
RYR1	chr19	38579972	38580138	100	0
RYR1	chr19	38580360	38580514	101	0
RYR1	chr19	38584933	38585109	102	0
RYR1	chr19	38585928	38586012	103	0
RYR1	chr19	38586081	38586201	104	0
RYR1	chr19	38586515	38586586	105	0
RYR1	chr19	38587315	38587420	106	0
TENM1	chrX	124380536	124381304	35	0
TENM1	chrX	124382660	124382822	34	0
TENM1	chrX	124383624	124384864	33	0
TENM1	chrX	124385667	124386074	32	0
TENM1	chrX	124392042	124392358	31	0
TENM1	chrX	124405021	124405276	30	0
TENM1	chrX	124406307	124406499	29	0
TENM1	chrX	124420301	124420831	28	0
TENM1	chrX	124422262	124422648	27	0
TENM1	chrX	124453327	124453501	26	0
TENM1	chrX	124481722	124481974	25	0
TENM1	chrX	124487199	124487239	24	0
TENM1	chrX	124497006	124497275	23	0
TENM1	chrX	124503550	124503713	22	0
TENM1	chrX	124520507	124520794	21	0
TENM1	chrX	124523354	124523635	20	0
TENM1	chrX	124529854	124529993	19	0
TENM1	chrX	124546864	124547100	18	0
TENM1	chrX	124561661	124561827	17	0
TENM1	chrX	124563739	124563782	16	0
TENM1	chrX	124565365	124565570	15	0
TENM1	chrX	124641781	124642001	14	0
TENM1	chrX	124645133	124645347	13	0
TENM1	chrX	124646699	124646820	12	0
TENM1	chrX	124651904	124652134	11	0
TENM1	chrX	124653574	124653793	10	0
TENM1	chrX	124671673	124671845	9	0
TENM1	chrX	124705003	124705261	8	0
TENM1	chrX	124736947	124737207	7	0
TENM1	chrX	124894286	124894362	6	0
TENM1	chrX	124895971	124896251	5	0
TENM1	chrX	124963527	124963753	4	0
RSF1	chr11	77666917	77667501	16	0
RSF1	chr11	77672032	77672240	15	0
RSF1	chr11	77675026	77675266	14	0
RSF1	chr11	77676782	77677009	13	0
RSF1	chr11	77678076	77678163	12	0
RSF1	chr11	77683700	77683829	11	0
RSF1	chr11	77685095	77685169	10	0
RSF1	chr11	77691149	77691248	9	0
RSF1	chr11	77693497	77693621	8	0
RSF1	chr11	77698477	77698703	7	0
RSF1	chr11	77700711	77702505	6	0
RSF1	chr11	77725535	77725709	5	0
RSF1	chr11	77740721	77740946	4	0
RSF1	chr11	77747026	77747138	3	0
RSF1	chr11	77764588	77764699	2	0
RSF1	chr11	77820518	77820714	1	0
BRCA1	chr17	43045678	43045812	23	0
BRCA1	chr17	43047633	43047713	22	0
BRCA1	chr17	43049111	43049204	21	0
BRCA1	chr17	43051053	43051127	20	0
BRCA1	chr17	43057042	43057145	19	0
BRCA1	chr17	43063323	43063383	18	0
BRCA1	chr17	43063864	43063961	17	0
BRCA1	chr17	43067598	43067705	16	0
BRCA1	chr17	43070918	43071248	15	0
BRCA1	chr17	43074321	43074531	14	0
BRCA1	chr17	43076478	43076624	13	0
BRCA1	chr17	43082394	43082585	12	0
BRCA1	chr17	43090934	43091042	11	0
BRCA1	chr17	43091425	43094870	10	0
BRCA1	chr17	43095836	43095932	9	0
BRCA1	chr17	43097234	43097299	8	0
BRCA1	chr17	43099765	43099890	7	0
BRCA1	chr17	43104112	43104271	6	0
BRCA1	chr17	43104858	43104966	5	0
BRCA1	chr17	43106446	43106543	4	0
BRCA1	chr17	43115716	43115789	3	0
BRCA1	chr17	43124007	43124096	2	0
BRCA2	chr13	32316461	32316537	2	0
BRCA2	chr13	32319067	32319335	3	0
BRCA2	chr13	32325066	32325194	4	0
BRCA2	chr13	32326091	32326160	5	0
BRCA2	chr13	32326232	32326292	6	0
BRCA2	chr13	32326489	32326623	7	0
BRCA2	chr13	32329433	32329502	8	0
BRCA2	chr13	32330909	32331040	9	0
BRCA2	chr13	32332262	32333397	10	0
BRCA2	chr13	32336255	32341206	11	0
BRCA2	chr13	32344548	32344663	12	0
BRCA2	chr13	32346817	32346906	13	0
BRCA2	chr13	32354851	32355298	14	0
BRCA2	chr13	32356418	32356619	15	0
BRCA2	chr13	32357732	32357939	16	0
BRCA2	chr13	32362513	32362703	17	0
BRCA2	chr13	32363169	32363543	18	0
BRCA2	chr13	32370392	32370567	19	0
BRCA2	chr13	32370946	32371110	20	0
BRCA2	chr13	32376660	32376801	21	0
BRCA2	chr13	32379307	32379525	22	0
BRCA2	chr13	32379740	32379923	23	0
BRCA2	chr13	32379997	32380155	24	0
BRCA2	chr13	32394679	32394943	25	0
BRCA2	chr13	32396888	32397054	26	0
BRCA2	chr13	32398152	32398770	27	0
IMMP2L	chr7	110663602	110663731	6	0
IMMP2L	chr7	110886583	110886705	5	0
IMMP2L	chr7	110963490	110963575	4	0
IMMP2L	chr7	111487228	111487351	3	0
IMMP2L	chr7	111521303	111521447	2	0
XPO1	chr2	61478820	61478976	25	0
XPO1	chr2	61481175	61481291	24	0
XPO1	chr2	61482370	61482549	23	0
XPO1	chr2	61482947	61483101	22	0
XPO1	chr2	61483927	61484115	21	0
XPO1	chr2	61485758	61485972	20	0
XPO1	chr2	61488155	61488281	19	0
XPO1	chr2	61488578	61488781	18	0
XPO1	chr2	61490632	61490786	17	0
XPO1	chr2	61492025	61492208	16	0
XPO1	chr2	61492315	61492491	15	0
XPO1	chr2	61492557	61492758	14	0
XPO1	chr2	61492905	61493063	13	0
XPO1	chr2	61493884	61494101	12	0
XPO1	chr2	61495445	61495623	11	0
XPO1	chr2	61496869	61497017	10	0
XPO1	chr2	61498663	61498802	9	0
XPO1	chr2	61498855	61498923	8	0
XPO1	chr2	61499703	61499904	7	0
XPO1	chr2	61501986	61502050	6	0
XPO1	chr2	61502239	61502320	5	0
XPO1	chr2	61522601	61522693	4	0
XPO1	chr2	61526410	61526531	3	0
XPO1	chr2	61533762	61533897	2	0
ZMYM3	chrX	71240916	71241118	25	0
ZMYM3	chrX	71241217	71241354	24	0
ZMYM3	chrX	71242160	71242434	23	0
ZMYM3	chrX	71242960	71243094	22	0
ZMYM3	chrX	71243819	71243990	21	0
ZMYM3	chrX	71244292	71244480	20	0
ZMYM3	chrX	71244780	71244903	19	0
ZMYM3	chrX	71245329	71245495	18	0
ZMYM3	chrX	71245658	71245852	17	0
ZMYM3	chrX	71245976	71246108	16	0
ZMYM3	chrX	71246343	71246522	15	0
ZMYM3	chrX	71246585	71246702	14	0
ZMYM3	chrX	71247335	71247520	13	0
ZMYM3	chrX	71247724	71247916	12	0
ZMYM3	chrX	71248152	71248322	11	0
ZMYM3	chrX	71248428	71248534	10	0
ZMYM3	chrX	71248676	71248811	9	0
ZMYM3	chrX	71249009	71249179	8	0
ZMYM3	chrX	71249451	71249689	7	0
ZMYM3	chrX	71250016	71250213	6	0
ZMYM3	chrX	71250422	71250736	5	0
ZMYM3	chrX	71251168	71251254	4	0
ZMYM3	chrX	71251548	71251611	3	0
ZMYM3	chrX	71252579	71253255	2	0
SUFU	chr10	102504153	102504344	1	0
SUFU	chr10	102509159	102509313	2	0
SUFU	chr10	102549960	102550116	3	0
SUFU	chr10	102592572	102592734	4	0
SUFU	chr10	102593626	102593731	5	0
SUFU	chr10	102593983	102594075	6	0
SUFU	chr10	102597130	102597303	7	0
SUFU	chr10	102599423	102599554	8	0
SUFU	chr10	102615258	102615412	9	0
SUFU	chr10	102617280	102617438	10	0
SUFU	chr10	102627165	102627253	11	0
SUFU	chr10	102630056	102630155	12	0
RAC1	chr7	6374736	6374780	1	0
RAC1	chr7	6387202	6387293	2	0
RAC1	chr7	6391914	6392051	3	0
RAC1	chr7	6400116	6400198	4	0
RAC1	chr7	6401858	6402037	5	0
RAC1	chr7	6402306	6402446	6	0
SPTAN1	chr9	128566741	128566987	2	0
SPTAN1	chr9	128568762	128568907	3	0
SPTAN1	chr9	128574665	128574825	4	0
SPTAN1	chr9	128575189	128575355	5	0
SPTAN1	chr9	128576813	128576966	6	0
SPTAN1	chr9	128577119	128577283	7	0
SPTAN1	chr9	128577342	128577516	8	0
SPTAN1	chr9	128578100	128578255	9	0
SPTAN1	chr9	128579627	128579748	10	0
SPTAN1	chr9	128580912	128581069	11	0
SPTAN1	chr9	128581772	128581902	12	0
SPTAN1	chr9	128582469	128582566	13	0
SPTAN1	chr9	128582684	128582859	14	0
SPTAN1	chr9	128583067	128583291	15	0
SPTAN1	chr9	128583778	128583979	16	0
SPTAN1	chr9	128584272	128584535	17	0
SPTAN1	chr9	128584711	128584853	18	0
SPTAN1	chr9	128585738	128585975	19	0
SPTAN1	chr9	128587596	128587708	20	0
SPTAN1	chr9	128588799	128588953	21	0
SPTAN1	chr9	128591467	128591635	22	0
SPTAN1	chr9	128592973	128593052	23	0
SPTAN1	chr9	128594165	128594383	24	0
SPTAN1	chr9	128598390	128598514	25	0
SPTAN1	chr9	128598953	128598996	26	0
SPTAN1	chr9	128600070	128600125	27	0
SPTAN1	chr9	128603533	128603600	28	0
SPTAN1	chr9	128604316	128604427	29	0
SPTAN1	chr9	128605024	128605188	30	0
SPTAN1	chr9	128605286	128605487	31	0
SPTAN1	chr9	128607594	128607713	32	0
SPTAN1	chr9	128607842	128608059	33	0
SPTAN1	chr9	128608120	128608286	34	0
SPTAN1	chr9	128608864	128608987	35	0
SPTAN1	chr9	128609112	128609294	36	0
SPTAN1	chr9	128609641	128609675	37	0
SPTAN1	chr9	128611704	128611855	38	0
SPTAN1	chr9	128612099	128612256	39	0
SPTAN1	chr9	128613371	128613495	40	0
SPTAN1	chr9	128615622	128615850	41	0
SPTAN1	chr9	128617630	128617770	42	0
SPTAN1	chr9	128617977	128618118	43	0
SPTAN1	chr9	128618861	128619013	44	0
SPTAN1	chr9	128621148	128621266	45	0
SPTAN1	chr9	128624318	128624497	46	0
SPTAN1	chr9	128625093	128625189	47	0
SPTAN1	chr9	128625759	128625988	48	0
SPTAN1	chr9	128626381	128626697	49	0
SPTAN1	chr9	128627376	128627508	50	0
SPTAN1	chr9	128627915	128627952	51	0
SPTAN1	chr9	128630311	128630385	52	0
SPTAN1	chr9	128632117	128632333	53	0
SPTAN1	chr9	128632421	128632494	54	0
SPTAN1	chr9	128632562	128632728	55	0
SPTAN1	chr9	128632798	128632965	56	0
SPTAN1	chr9	128633199	128633334	57	0
HRAS	chr11	532636	532765	5	0
HRAS	chr11	533443	533622	4	0
HRAS	chr11	533756	533954	3	0
HRAS	chr11	534202	534322	2	0
H3-3A	chr1	226064352	226064489	2	0
H3-3A	chr1	226065646	226065819	3	0
H3-3A	chr1	226071341	226071479	4	0
H3-3B	chr17	75778595	75778733	4	0
H3-3B	chr17	75778800	75778973	3	0
H3-3B	chr17	75779037	75779174	2	0
NCOA2	chr8	70113632	70113653	23	0
NCOA2	chr8	70121292	70121401	22	0
NCOA2	chr8	70123874	70124092	21	0
NCOA2	chr8	70124678	70124875	20	0
NCOA2	chr8	70126803	70127057	19	0
NCOA2	chr8	70128423	70128520	18	0
NCOA2	chr8	70128692	70128990	17	0
NCOA2	chr8	70131827	70132012	16	0
NCOA2	chr8	70138193	70138342	15	0
NCOA2	chr8	70141174	70141409	14	0
NCOA2	chr8	70144632	70144858	13	0
NCOA2	chr8	70148263	70148493	12	0
NCOA2	chr8	70155961	70157250	11	0
NCOA2	chr8	70159495	70159662	10	0
NCOA2	chr8	70162701	70162864	9	0
NCOA2	chr8	70163455	70163576	8	0
NCOA2	chr8	70166556	70166764	7	0
NCOA2	chr8	70170192	70170389	6	0
NCOA2	chr8	70174746	70174869	5	0
NCOA2	chr8	70213893	70214085	4	0
NCOA2	chr8	70216650	70216745	3	0
PBRM1	chr3	52548063	52548245	32	0
PBRM1	chr3	52550411	52550647	31	0
PBRM1	chr3	52550737	52550827	30	0
PBRM1	chr3	52554714	52554889	29	0
PBRM1	chr3	52558239	52558423	28	0
PBRM1	chr3	52561757	52561978	27	0
PBRM1	chr3	52563273	52563503	26	0
PBRM1	chr3	52564040	52564243	25	0
PBRM1	chr3	52576531	52576708	24	0
PBRM1	chr3	52579044	52579209	23	0
PBRM1	chr3	52586415	52586698	22	0
PBRM1	chr3	52587343	52587520	21	0
PBRM1	chr3	52589060	52589265	20	0
PBRM1	chr3	52603511	52603742	19	0
PBRM1	chr3	52609303	52609965	18	0
PBRM1	chr3	52615341	52615466	17	0
PBRM1	chr3	52617252	52617548	16	0
PBRM1	chr3	52624887	52624951	15	0
PBRM1	chr3	52627263	52627380	14	0
PBRM1	chr3	52628884	52629045	13	0
PBRM1	chr3	52634592	52634825	12	0
PBRM1	chr3	52641944	52642055	11	0
PBRM1	chr3	52643238	52643353	10	0
PBRM1	chr3	52644694	52644799	9	0
PBRM1	chr3	52648334	52648452	8	0
PBRM1	chr3	52651732	52651820	7	0
PBRM1	chr3	52658189	52658325	6	0
PBRM1	chr3	52662123	52662286	5	0
PBRM1	chr3	52668488	52668655	4	0
PBRM1	chr3	52678490	52678607	3	0
PBRM1	chr3	52679564	52679711	2	0
LINC00290	chr4	181064089	181064490	3	0
LINC00290	chr4	181155603	181155749	2	0
LINC00290	chr4	181159066	181159149	1	0
ZFX	chrX	24172743	24172810	4	0
ZFX	chrX	24179173	24179780	5	0
ZFX	chrX	24207316	24207485	6	0
ZFX	chrX	24207702	24207865	7	0
ZFX	chrX	24208208	24208380	8	0
ZFX	chrX	24208890	24209050	9	0
ZFX	chrX	24210183	24211376	10	0
RHOA	chr3	49360209	49360392	5	0
RHOA	chr3	49362486	49362636	4	0
RHOA	chr3	49368418	49368558	3	0
RHOA	chr3	49375424	49375589	2	0
NAALADL2	chr3	174859408	174859460	1	0
NAALADL2	chr3	175096780	175097301	2	0
NAALADL2	chr3	175233921	175234214	3	0
NAALADL2	chr3	175256401	175256540	4	0
NAALADL2	chr3	175324165	175324335	5	0
NAALADL2	chr3	175447219	175447382	6	0
NAALADL2	chr3	175463391	175463503	7	0
NAALADL2	chr3	175466969	175467194	8	0
NAALADL2	chr3	175471629	175471768	9	0
NAALADL2	chr3	175576031	175576197	10	0
NAALADL2	chr3	175627281	175627396	11	0
NAALADL2	chr3	175737296	175737409	12	0
NAALADL2	chr3	175755210	175755428	13	0
NAALADL2	chr3	175802995	175803203	14	0
RHOB	chr2	20447466	20448056	1	0
RAD51B	chr14	67823544	67823637	2	0
RAD51B	chr14	67825454	67825587	3	0
RAD51B	chr14	67835070	67835206	4	0
RAD51B	chr14	67864993	67865149	5	0
RAD51B	chr14	67885859	67885998	6	0
RAD51B	chr14	67887011	67887214	7	0
RAD51B	chr14	68291874	68291990	8	0
RAD51B	chr14	68411414	68411537	9	0
RAD51B	chr14	68468162	68468260	10	0
RAD51B	chr14	68477638	68477664	11	0
RAD51D	chr17	35100953	35101046	10	0
RAD51D	chr17	35101191	35101375	9	0
RAD51D	chr17	35103244	35103334	8	0
RAD51D	chr17	35103444	35103554	7	0
RAD51D	chr17	35106376	35106491	6	0
RAD51D	chr17	35106978	35107132	5	0
RAD51D	chr17	35107356	35107457	4	0
RAD51D	chr17	35118491	35118629	3	0
RAD51D	chr17	35119101	35119182	2	0
RAD51D	chr17	35119522	35119613	1	0
RAD51C	chr17	58692644	58692798	1	0
RAD51C	chr17	58694921	58695199	2	0
RAD51C	chr17	58696683	58696869	3	0
RAD51C	chr17	58703186	58703339	4	0
RAD51C	chr17	58709849	58710000	5	0
RAD51C	chr17	58720736	58720822	6	0
RAD51C	chr17	58724030	58724110	7	0
RAD51C	chr17	58732474	58732554	8	0
RAD51C	chr17	58734108	58734222	9	0
CEACAM5	chr19	41708732	41708805	1	0
CEACAM5	chr19	41709670	41710049	2	0
CEACAM5	chr19	41714961	41715259	3	0
CEACAM5	chr19	41715640	41715914	4	0
CEACAM5	chr19	41717445	41717743	5	0
CEACAM5	chr19	41718118	41718392	6	0
CEACAM5	chr19	41719920	41720218	7	0
CEACAM5	chr19	41720912	41721186	8	0
CEACAM5	chr19	41727224	41727316	9	0
KIT	chr4	54658015	54658091	1	0
KIT	chr4	54695502	54695791	2	0
KIT	chr4	54698274	54698575	3	0
KIT	chr4	54699620	54699776	4	0
KIT	chr4	54703714	54703902	5	0
KIT	chr4	54707088	54707297	6	0
KIT	chr4	54709414	54709549	7	0
KIT	chr4	54723574	54723708	8	0
KIT	chr4	54725847	54726060	9	0
KIT	chr4	54727208	54727334	10	0
KIT	chr4	54727406	54727552	11	0
KIT	chr4	54727813	54727937	12	0
KIT	chr4	54728001	54728131	13	0
KIT	chr4	54729325	54729495	14	0
KIT	chr4	54731318	54731429	15	0
KIT	chr4	54731861	54732008	16	0
KIT	chr4	54733060	54733202	17	0
KIT	chr4	54736488	54736619	18	0
KIT	chr4	54736711	54736830	19	0
KIT	chr4	54737165	54737290	20	0
KIT	chr4	54738419	54738557	21	0
CLDN18	chr3	138010226	138010455	1	0
CLDN18	chr3	138023648	138023832	2	0
CLDN18	chr3	138024597	138024734	3	0
CLDN18	chr3	138029787	138029917	4	0
CLDN18	chr3	138030960	138031141	5	0
PABPC1	chr8	100704298	100704400	14	0
PABPC1	chr8	100704916	100705066	13	0
PABPC1	chr8	100705579	100705683	12	0
PABPC1	chr8	100706641	100706815	11	0
PABPC1	chr8	100706877	100707007	10	0
PABPC1	chr8	100709123	100709233	9	0
PABPC1	chr8	100709449	100709741	8	0
PABPC1	chr8	100712352	100712467	7	0
PABPC1	chr8	100712642	100712799	6	0
PABPC1	chr8	100713077	100713191	5	0
PABPC1	chr8	100715452	100715611	4	0
PABPC1	chr8	100717763	100717898	3	0
PABPC1	chr8	100718077	100718290	2	0
PABPC1	chr8	100721381	100721583	1	0
DEPDC5	chr22	31754922	31754989	2	0
DEPDC5	chr22	31758536	31758643	3	0
DEPDC5	chr22	31760646	31760712	4	0
DEPDC5	chr22	31764965	31765070	5	0
DEPDC5	chr22	31766575	31766678	6	0
DEPDC5	chr22	31768804	31768873	7	0
DEPDC5	chr22	31778089	31778178	8	0
DEPDC5	chr22	31783897	31783995	9	0
DEPDC5	chr22	31784804	31784885	10	0
DEPDC5	chr22	31792023	31792112	11	0
DEPDC5	chr22	31792735	31792827	12	0
DEPDC5	chr22	31797590	31797713	13	0
DEPDC5	chr22	31798572	31798666	14	0
DEPDC5	chr22	31802694	31802848	15	0
DEPDC5	chr22	31804152	31804233	16	0
DEPDC5	chr22	31804832	31804925	17	0
DEPDC5	chr22	31806112	31806201	18	0
DEPDC5	chr22	31809601	31809657	19	0
DEPDC5	chr22	31810511	31810651	20	0
DEPDC5	chr22	31814982	31815222	21	0
DEPDC5	chr22	31819012	31819235	22	0
DEPDC5	chr22	31821492	31821647	23	0
DEPDC5	chr22	31822683	31822800	24	0
DEPDC5	chr22	31833905	31833990	25	0
DEPDC5	chr22	31836962	31837165	26	0
DEPDC5	chr22	31838675	31838855	27	0
DEPDC5	chr22	31843085	31843222	28	0
DEPDC5	chr22	31843635	31843822	29	0
DEPDC5	chr22	31845008	31845247	30	0
DEPDC5	chr22	31846824	31846977	31	0
DEPDC5	chr22	31857435	31857563	32	0
DEPDC5	chr22	31861358	31861443	33	0
DEPDC5	chr22	31870580	31870754	34	0
DEPDC5	chr22	31873245	31873342	35	0
DEPDC5	chr22	31874263	31874415	36	0
DEPDC5	chr22	31876147	31876275	37	0
DEPDC5	chr22	31879515	31879762	38	0
DEPDC5	chr22	31893572	31893761	39	0
DEPDC5	chr22	31897472	31897663	40	0
DEPDC5	chr22	31901732	31901812	41	0
DEPDC5	chr22	31905974	31906076	42	0
DEPDC5	chr22	31906195	31906497	43	0
CD44	chr11	35139304	35139380	1	0
CD44	chr11	35176565	35176750	2	0
CD44	chr11	35180264	35180417	3	0
CD44	chr11	35186822	35186910	4	0
CD44	chr11	35189825	35190075	5	0
CD44	chr11	35196736	35196884	6	0
CD44	chr11	35198111	35198256	7	0
CD44	chr11	35201072	35201205	8	0
CD44	chr11	35201661	35201797	9	0
CD44	chr11	35204502	35204650	10	0
CD44	chr11	35206102	35206253	11	0
CD44	chr11	35208095	35208216	12	0
CD44	chr11	35209955	35210064	13	0
CD44	chr11	35211236	35211459	14	0
CD44	chr11	35214842	35214924	15	0
CD44	chr11	35219306	35219397	16	0
CD44	chr11	35221644	35221742	17	0
CD44	chr11	35229119	35229333	18	0
DDR2	chr1	162719064	162719155	3	0
DDR2	chr1	162753085	162753207	4	0
DDR2	chr1	162754614	162754865	5	0
DDR2	chr1	162755146	162755313	6	0
DDR2	chr1	162755654	162755779	7	0
DDR2	chr1	162759786	162759989	8	0
DDR2	chr1	162761201	162761464	9	0
DDR2	chr1	162765991	162766073	10	0
DDR2	chr1	162767219	162767369	11	0
DDR2	chr1	162770292	162770522	12	0
DDR2	chr1	162772014	162772257	13	0
DDR2	chr1	162773459	162773606	14	0
DDR2	chr1	162775642	162775853	15	0
DDR2	chr1	162776126	162776380	16	0
DDR2	chr1	162778570	162778739	17	0
DDR2	chr1	162780102	162780246	18	0
PRKN	chr6	161350099	161350221	12	0
PRKN	chr6	161360078	161360215	11	0
PRKN	chr6	161386784	161386887	10	0
PRKN	chr6	161548844	161549013	9	0
PRKN	chr6	161569345	161569426	8	0
PRKN	chr6	161785762	161785918	7	0
PRKN	chr6	161973292	161973427	6	0
PRKN	chr6	162054081	162054184	5	0
PRKN	chr6	162201121	162201262	4	0
PRKN	chr6	162262515	162262775	3	0
PRKN	chr6	162443300	162443483	2	0
PRKN	chr6	162727652	162727668	1	0
AMER1	chrX	64189879	64193286	2	0
MEGF6	chr1	3490528	3490599	37	0
MEGF6	chr1	3490902	3490969	36	0
MEGF6	chr1	3492629	3492777	35	0
MEGF6	chr1	3493761	3493909	34	0
MEGF6	chr1	3493986	3494134	33	0
MEGF6	chr1	3494361	3494509	32	0
MEGF6	chr1	3494603	3494751	31	0
MEGF6	chr1	3495880	3496028	30	0
MEGF6	chr1	3496645	3496793	29	0
MEGF6	chr1	3496978	3497129	28	0
MEGF6	chr1	3497223	3497371	27	0
MEGF6	chr1	3498361	3498509	26	0
MEGF6	chr1	3498688	3498836	25	0
MEGF6	chr1	3499128	3499276	24	0
MEGF6	chr1	3499578	3499726	23	0
MEGF6	chr1	3499786	3499934	22	0
MEGF6	chr1	3500623	3500774	21	0
MEGF6	chr1	3500956	3501104	20	0
MEGF6	chr1	3501167	3501318	19	0
MEGF6	chr1	3501786	3501931	18	0
MEGF6	chr1	3505198	3505352	17	0
MEGF6	chr1	3505412	3505566	16	0
MEGF6	chr1	3506098	3506246	15	0
MEGF6	chr1	3507785	3507933	14	0
MEGF6	chr1	3508548	3508699	13	0
MEGF6	chr1	3509065	3509255	12	0
MEGF6	chr1	3509860	3510002	11	0
MEGF6	chr1	3510773	3510912	10	0
MEGF6	chr1	3511540	3511697	9	0
MEGF6	chr1	3511996	3512138	8	0
MEGF6	chr1	3514540	3514682	7	0
MEGF6	chr1	3515392	3515537	6	0
MEGF6	chr1	3524114	3524256	5	0
MEGF6	chr1	3579815	3579939	4	0
MEGF6	chr1	3595328	3595457	3	0
MEGF6	chr1	3602456	3602610	2	0
MEGF6	chr1	3611128	3611268	1	0
CXCR4	chr2	136114869	136115922	2	0
CXCR4	chr2	136118036	136118060	1	0
TMPRSS2	chr21	41466142	41466163	14	0
TMPRSS2	chr21	41467724	41467896	13	0
TMPRSS2	chr21	41468386	41468548	12	0
TMPRSS2	chr21	41470638	41470753	11	0
TMPRSS2	chr21	41471796	41471991	10	0
TMPRSS2	chr21	41473315	41473506	9	0
TMPRSS2	chr21	41476567	41476630	8	0
TMPRSS2	chr21	41479162	41479292	7	0
TMPRSS2	chr21	41480466	41480612	6	0
TMPRSS2	chr21	41488384	41488523	5	0
TMPRSS2	chr21	41489497	41489603	4	0
TMPRSS2	chr21	41494346	41494588	3	0
TMPRSS2	chr21	41498109	41498133	2	0
TYMS	chr18	657743	657957	1	0
TYMS	chr18	659631	659724	2	0
TYMS	chr18	662136	662330	3	0
TYMS	chr18	669062	669183	4	0
TYMS	chr18	670682	670877	5	0
TYMS	chr18	671370	671461	6	0
TYMS	chr18	672850	672997	7	0
NT5E	chr6	85450140	85450488	1	0
NT5E	chr6	85467050	85467292	2	0
NT5E	chr6	85471227	85471435	3	0
NT5E	chr6	85485225	85485442	4	0
NT5E	chr6	85487325	85487499	5	0
NT5E	chr6	85489484	85489609	6	0
NT5E	chr6	85490498	85490667	7	0
NT5E	chr6	85491967	85492187	8	0
NT5E	chr6	85493831	85494004	9	0
RXRA	chr9	134326632	134326669	1	0
RXRA	chr9	134401622	134401892	2	0
RXRA	chr9	134408139	134408309	3	0
RXRA	chr9	134408930	134409129	4	0
RXRA	chr9	134417148	134417337	5	0
RXRA	chr9	134421666	134421815	6	0
RXRA	chr9	134429098	134429250	7	0
RXRA	chr9	134431895	134432006	8	0
RXRA	chr9	134434092	134434217	9	0
RXRA	chr9	134436457	134436614	10	0
CUX1	chr7	101817640	101817679	1	0
CUX1	chr7	101916105	101916235	2	0
CUX1	chr7	102028088	102028155	3	0
CUX1	chr7	102070329	102070427	4	0
CUX1	chr7	102097354	102097511	5	0
CUX1	chr7	102104326	102104469	6	0
CUX1	chr7	102111688	102111784	7	0
CUX1	chr7	102115197	102115283	8	0
CUX1	chr7	102158550	102158618	9	0
CUX1	chr7	102170436	102170560	10	0
CUX1	chr7	102178459	102178667	11	0
CUX1	chr7	102189803	102189881	12	0
CUX1	chr7	102193832	102193900	13	0
CUX1	chr7	102195497	102195613	14	0
CUX1	chr7	102196624	102197315	15	0
CUX1	chr7	102198792	102198877	16	0
CUX1	chr7	102200061	102200182	17	0
CUX1	chr7	102201350	102202214	18	0
CUX1	chr7	102204381	102204566	19	0
CUX1	chr7	102205104	102205180	20	0
CUX1	chr7	102227357	102227679	21	0
CUX1	chr7	102234042	102234250	22	0
CUX1	chr7	102239310	102239594	23	0
CUX1	chr7	102248402	102249042	24	0
CTNNA1	chr5	138781925	138782039	2	0
CTNNA1	chr5	138783167	138783382	3	0
CTNNA1	chr5	138810028	138810214	4	0
CTNNA1	chr5	138812173	138812312	5	0
CTNNA1	chr5	138824520	138824809	6	0
CTNNA1	chr5	138827505	138827728	7	0
CTNNA1	chr5	138886202	138886302	8	0
CTNNA1	chr5	138887480	138887652	9	0
CTNNA1	chr5	138904339	138904451	10	0
CTNNA1	chr5	138917732	138917908	11	0
CTNNA1	chr5	138924500	138924720	12	0
CTNNA1	chr5	138925246	138925417	13	0
CTNNA1	chr5	138929236	138929366	14	0
CTNNA1	chr5	138930463	138930664	15	0
CTNNA1	chr5	138930820	138930945	16	0
CTNNA1	chr5	138932568	138932722	17	0
CTNNA1	chr5	138933792	138934089	18	0
RAD54L	chr1	46248406	46248418	1	0
RAD54L	chr1	46248502	46248608	2	0
RAD54L	chr1	46249990	46250129	3	0
RAD54L	chr1	46258676	46258756	4	0
RAD54L	chr1	46259954	46260109	5	0
RAD54L	chr1	46260532	46260621	6	0
RAD54L	chr1	46260717	46261025	7	0
RAD54L	chr1	46261251	46261395	8	0
RAD54L	chr1	46267449	46267619	9	0
RAD54L	chr1	46270649	46270795	10	0
RAD54L	chr1	46272456	46272550	11	0
RAD54L	chr1	46272662	46272812	12	0
RAD54L	chr1	46273345	46273475	13	0
RAD54L	chr1	46273614	46273757	14	0
RAD54L	chr1	46274128	46274226	15	0
RAD54L	chr1	46274528	46274727	16	0
RAD54L	chr1	46277807	46277990	17	0
RAD54L	chr1	46278062	46278282	18	0
CD58	chr1	116514813	116514832	6	0
CD58	chr1	116519221	116519277	5	0
CD58	chr1	116521896	116521993	4	0
CD58	chr1	116535955	116536238	3	0
CD58	chr1	116544301	116544614	2	0
CD58	chr1	116570893	116570972	1	0
SUZ12	chr17	31937247	31937530	1	0
SUZ12	chr17	31940276	31940342	2	0
SUZ12	chr17	31940412	31940496	3	0
SUZ12	chr17	31947607	31947695	4	0
SUZ12	chr17	31966137	31966206	5	0
SUZ12	chr17	31973136	31973241	6	0
SUZ12	chr17	31975472	31975723	7	0
SUZ12	chr17	31976511	31976624	8	0
SUZ12	chr17	31982989	31983114	9	0
SUZ12	chr17	31988310	31988507	10	0
SUZ12	chr17	31993232	31993343	11	0
SUZ12	chr17	31993855	31994018	12	0
SUZ12	chr17	31994554	31994731	13	0
SUZ12	chr17	31995554	31995772	14	0
SUZ12	chr17	31996788	31996887	15	0
SUZ12	chr17	31998648	31999003	16	0
NPM1	chr5	171387949	171388016	1	0
NPM1	chr5	171390041	171390140	2	0
NPM1	chr5	171391295	171391434	3	0
NPM1	chr5	171391696	171391809	4	0
NPM1	chr5	171392700	171392826	5	0
NPM1	chr5	171392904	171392988	6	0
NPM1	chr5	171400143	171400220	7	0
NPM1	chr5	171400829	171400935	8	0
NPM1	chr5	171405292	171405413	9	0
NPM1	chr5	171407690	171407784	10	0
NPM1	chr5	171410517	171410565	11	0
MAP3K1	chr5	56815574	56816065	1	0
MAP3K1	chr5	56856590	56856760	2	0
MAP3K1	chr5	56859705	56859925	3	0
MAP3K1	chr5	56864724	56864944	4	0
MAP3K1	chr5	56865330	56865466	5	0
MAP3K1	chr5	56865819	56865987	6	0
MAP3K1	chr5	56871900	56872041	7	0
MAP3K1	chr5	56872631	56872732	8	0
MAP3K1	chr5	56872815	56873015	9	0
MAP3K1	chr5	56875022	56875320	10	0
MAP3K1	chr5	56878970	56879111	11	0
MAP3K1	chr5	56880701	56880812	12	0
MAP3K1	chr5	56881073	56881282	13	0
MAP3K1	chr5	56881560	56882876	14	0
MAP3K1	chr5	56883517	56883689	15	0
MAP3K1	chr5	56884654	56884836	16	0
MAP3K1	chr5	56885922	56886073	17	0
MAP3K1	chr5	56887368	56887530	18	0
MAP3K1	chr5	56888216	56888367	19	0
MAP3K1	chr5	56893521	56893680	20	0
CDX2	chr13	27963115	27963379	3	0
CDX2	chr13	27964860	27965025	2	0
CDX2	chr13	27968456	27969006	1	0
LSAMP	chr3	115810317	115810424	7	0
LSAMP	chr3	115841835	115842003	6	0
LSAMP	chr3	115842448	115842588	5	0
LSAMP	chr3	115852473	115852627	4	0
LSAMP	chr3	116019505	116019650	3	0
LSAMP	chr3	116086314	116086566	2	0
LSAMP	chr3	116444867	116445031	1	0
MLH1	chr3	36993548	36993673	1	0
MLH1	chr3	36996609	36996719	2	0
MLH1	chr3	37000945	37001063	3	0
MLH1	chr3	37004391	37004484	4	0
MLH1	chr3	37006981	37007073	5	0
MLH1	chr3	37008804	37008915	6	0
MLH1	chr3	37011810	37011872	7	0
MLH1	chr3	37012001	37012109	8	0
MLH1	chr3	37014422	37014554	9	0
MLH1	chr3	37017496	37017609	10	0
MLH1	chr3	37020300	37020473	11	0
MLH1	chr3	37025627	37026017	12	0
MLH1	chr3	37028774	37028942	13	0
MLH1	chr3	37040176	37040304	14	0
MLH1	chr3	37042258	37042341	15	0
MLH1	chr3	37047509	37047693	16	0
MLH1	chr3	37048507	37048619	17	0
MLH1	chr3	37048894	37049027	18	0
MLH1	chr3	37050476	37050653	19	0
MLH3	chr14	75017082	75017211	13	0
MLH3	chr14	75018819	75018990	12	0
MLH3	chr14	75022804	75022902	11	0
MLH3	chr14	75022985	75023028	10	0
MLH3	chr14	75030533	75030712	9	0
MLH3	chr14	75032058	75032189	8	0
MLH3	chr14	75033409	75033500	7	0
MLH3	chr14	75038330	75038422	6	0
MLH3	chr14	75039901	75040025	5	0
MLH3	chr14	75041605	75041710	4	0
MLH3	chr14	75042369	75042487	3	0
MLH3	chr14	75046366	75049655	2	0
VEGFA	chr6	43770707	43771322	1	0
VEGFA	chr6	43774331	43774402	2	0
VEGFA	chr6	43777459	43777675	3	0
VEGFA	chr6	43778450	43778546	4	0
VEGFA	chr6	43778879	43778928	5	0
VEGFA	chr6	43780722	43780813	6	0
VEGFA	chr6	43781946	43782097	7	0
VEGFA	chr6	43784531	43784562	8	0
FAP	chr2	162170979	162171090	26	0
FAP	chr2	162172801	162172894	25	0
FAP	chr2	162173139	162173231	24	0
FAP	chr2	162173713	162173797	23	0
FAP	chr2	162174857	162174976	22	0
FAP	chr2	162183404	162183478	21	0
FAP	chr2	162188159	162188373	20	0
FAP	chr2	162189093	162189182	19	0
FAP	chr2	162189646	162189764	18	0
FAP	chr2	162194691	162194758	17	0
FAP	chr2	162198747	162198891	16	0
FAP	chr2	162200556	162200629	15	0
FAP	chr2	162202862	162202952	14	0
FAP	chr2	162203031	162203155	13	0
FAP	chr2	162209942	162210006	12	0
FAP	chr2	162213928	162214083	11	0
FAP	chr2	162215888	162216011	10	0
FAP	chr2	162217976	162218150	9	0
FAP	chr2	162219053	162219193	8	0
FAP	chr2	162219843	162219935	7	0
FAP	chr2	162223598	162223670	6	0
FAP	chr2	162224456	162224550	5	0
FAP	chr2	162225473	162225587	4	0
FAP	chr2	162226513	162226631	3	0
FAP	chr2	162242898	162243002	2	0
FAP	chr2	162243312	162243327	1	0
SEMG2	chr20	45221390	45221475	1	0
SEMG2	chr20	45221699	45223381	2	0
AXL	chr19	41219393	41219487	1	0
AXL	chr19	41220626	41220868	2	0
AXL	chr19	41221136	41221256	3	0
AXL	chr19	41221870	41222066	4	0
AXL	chr19	41230957	41231057	5	0
AXL	chr19	41231173	41231308	6	0
AXL	chr19	41237934	41238164	7	0
AXL	chr19	41238460	41238619	8	0
AXL	chr19	41239154	41239324	9	0
AXL	chr19	41239684	41239730	10	0
AXL	chr19	41242873	41243025	11	0
AXL	chr19	41243606	41243717	12	0
AXL	chr19	41248504	41248619	13	0
AXL	chr19	41248733	41248830	14	0
AXL	chr19	41252341	41252453	15	0
AXL	chr19	41252836	41252977	16	0
AXL	chr19	41253589	41253718	17	0
AXL	chr19	41256442	41256621	18	0
AXL	chr19	41257483	41257639	19	0
AXL	chr19	41259543	41259904	20	0
HNRNPA2B1	chr7	26192516	26192587	10	0
HNRNPA2B1	chr7	26193241	26193383	9	0
HNRNPA2B1	chr7	26193565	26193704	8	0
HNRNPA2B1	chr7	26195837	26195919	7	0
HNRNPA2B1	chr7	26196391	26196491	6	0
HNRNPA2B1	chr7	26196547	26196668	5	0
HNRNPA2B1	chr7	26196797	26197027	4	0
HNRNPA2B1	chr7	26197305	26197471	3	0
HNRNPA2B1	chr7	26197612	26197742	2	0
HNRNPA2B1	chr7	26200562	26200577	1	0
CTNNB1	chr3	41224069	41224091	2	0
CTNNB1	chr3	41224516	41224763	3	0
CTNNB1	chr3	41224944	41225217	4	0
CTNNB1	chr3	41225324	41225582	5	0
CTNNB1	chr3	41225650	41225871	6	0
CTNNB1	chr3	41227198	41227362	7	0
CTNNB1	chr3	41233331	41233454	8	0
CTNNB1	chr3	41233519	41233877	9	0
CTNNB1	chr3	41234129	41234307	10	0
CTNNB1	chr3	41235714	41235853	11	0
CTNNB1	chr3	41236339	41236509	12	0
CTNNB1	chr3	41236578	41236719	13	0
CTNNB1	chr3	41238006	41238086	14	0
CTNNB1	chr3	41239124	41239342	15	0
FOXA2	chr20	22581850	22583164	2	0
FOXA2	chr20	22584182	22584278	1	0
FOXA1	chr14	37591365	37592721	2	0
FOXA1	chr14	37594891	37594972	1	0
MPL	chr1	43337849	43337937	1	0
MPL	chr1	43338089	43338241	2	0
MPL	chr1	43338532	43338730	3	0
MPL	chr1	43339261	43339579	4	0
MPL	chr1	43339954	43340136	5	0
MPL	chr1	43340377	43340523	6	0
MPL	chr1	43346435	43346639	7	0
MPL	chr1	43346782	43346944	8	0
MPL	chr1	43348833	43349012	9	0
MPL	chr1	43349253	43349369	10	0
MPL	chr1	43352206	43352313	11	0
MPL	chr1	43352508	43352772	12	0
PRDM1	chr6	106086554	106086605	1	0
PRDM1	chr6	106088191	106088459	2	0
PRDM1	chr6	106095605	106095744	3	0
PRDM1	chr6	106099290	106099562	4	0
PRDM1	chr6	106104815	106105943	5	0
PRDM1	chr6	106106361	106106509	6	0
PRDM1	chr6	106106901	106107486	7	0
ARHGAP35	chr19	46918676	46922366	2	0
ARHGAP35	chr19	46937254	46937418	3	0
ARHGAP35	chr19	46987979	46988076	4	0
ARHGAP35	chr19	46989534	46989685	5	0
ARHGAP35	chr19	46999294	46999419	6	0
ARHGAP35	chr19	47000321	47000688	7	0
ETS2	chr21	38810035	38810116	2	0
ETS2	chr21	38812993	38813124	3	0
ETS2	chr21	38814263	38814402	4	0
ETS2	chr21	38814771	38814991	5	0
ETS2	chr21	38816998	38817101	6	0
ETS2	chr21	38818415	38818656	7	0
ETS2	chr21	38819493	38819776	8	0
ETS2	chr21	38821576	38821714	9	0
ETS2	chr21	38822664	38822889	10	0
IGF1R	chr15	98649582	98649685	1	0
IGF1R	chr15	98707552	98708117	2	0
IGF1R	chr15	98891315	98891647	3	0
IGF1R	chr15	98896747	98896915	4	0
IGF1R	chr15	98899467	98899631	5	0
IGF1R	chr15	98908675	98908909	6	0
IGF1R	chr15	98911305	98911451	7	0
IGF1R	chr15	98913034	98913292	8	0
IGF1R	chr15	98915954	98916141	9	0
IGF1R	chr15	98916662	98916886	10	0
IGF1R	chr15	98922138	98922441	11	0
IGF1R	chr15	98923866	98924022	12	0
IGF1R	chr15	98924515	98924694	13	0
IGF1R	chr15	98929548	98929670	14	0
IGF1R	chr15	98930225	98930315	15	0
IGF1R	chr15	98934814	98935063	16	0
IGF1R	chr15	98935306	98935436	17	0
IGF1R	chr15	98939191	98939370	18	0
IGF1R	chr15	98942913	98943062	19	0
IGF1R	chr15	98948564	98948718	20	0
IGF1R	chr15	98957051	98957442	21	0
CCND3	chr6	41935940	41936117	5	0
CCND3	chr6	41936549	41936705	4	0
CCND3	chr6	41937225	41937404	3	0
CCND3	chr6	41940360	41940595	2	0
CCND3	chr6	41941442	41941649	1	0
CCND2	chr12	4274041	4274245	1	0
CCND2	chr12	4275995	4276230	2	0
CCND2	chr12	4278750	4278929	3	0
CCND2	chr12	4288832	4289000	4	0
CCND2	chr12	4299850	4300009	5	0
CCND1	chr11	69641314	69641521	1	0
CCND1	chr11	69643021	69643256	2	0
CCND1	chr11	69643822	69644001	3	0
CCND1	chr11	69647984	69648152	4	0
CCND1	chr11	69651108	69651282	5	0
WWC3	chrX	10015579	10015868	1	0
WWC3	chrX	10063435	10063564	3	0
WWC3	chrX	10067277	10067500	4	0
WWC3	chrX	10078789	10078885	5	0
WWC3	chrX	10079715	10079814	6	0
WWC3	chrX	10090761	10090910	7	0
WWC3	chrX	10094122	10094291	8	0
WWC3	chrX	10098496	10098589	9	0
WWC3	chrX	10109768	10110030	10	0
WWC3	chrX	10116408	10116517	11	0
WWC3	chrX	10117114	10117699	12	0
WWC3	chrX	10122609	10122749	13	0
WWC3	chrX	10124255	10124349	14	0
WWC3	chrX	10125014	10125120	15	0
WWC3	chrX	10126104	10126316	16	0
WWC3	chrX	10127978	10128171	17	0
WWC3	chrX	10128547	10128718	18	0
WWC3	chrX	10129946	10130131	19	0
WWC3	chrX	10134422	10134606	20	0
WWC3	chrX	10136623	10136735	21	0
WWC3	chrX	10138699	10138946	22	0
WWC3	chrX	10139403	10139550	23	0
WWC3	chrX	10141425	10141501	24	0
EP300	chr22	41093005	41093108	1	0
EP300	chr22	41117177	41117831	2	0
EP300	chr22	41125854	41126050	3	0
EP300	chr22	41127477	41127758	4	0
EP300	chr22	41129880	41130013	5	0
EP300	chr22	41131378	41131643	6	0
EP300	chr22	41135803	41135916	7	0
EP300	chr22	41137643	41137800	8	0
EP300	chr22	41140130	41140267	9	0
EP300	chr22	41141038	41141232	10	0
EP300	chr22	41146729	41146826	11	0
EP300	chr22	41147827	41147956	12	0
EP300	chr22	41149028	41149185	13	0
EP300	chr22	41149751	41150208	14	0
EP300	chr22	41151823	41152022	15	0
EP300	chr22	41152196	41152360	16	0
EP300	chr22	41154985	41155123	17	0
EP300	chr22	41157159	41157418	18	0
EP300	chr22	41158402	41158510	19	0
EP300	chr22	41160632	41160732	20	0
EP300	chr22	41162713	41162789	21	0
EP300	chr22	41164043	41164140	22	0
EP300	chr22	41166589	41166676	23	0
EP300	chr22	41168439	41168609	24	0
EP300	chr22	41168711	41168877	25	0
EP300	chr22	41169493	41169626	26	0
EP300	chr22	41170396	41170581	27	0
EP300	chr22	41172489	41172673	28	0
EP300	chr22	41173613	41173794	29	0
EP300	chr22	41176237	41176538	30	0
EP300	chr22	41176763	41178956	31	0
ARID2	chr12	45729837	45729938	1	0
ARID2	chr12	45730034	45730147	2	0
ARID2	chr12	45731207	45731324	3	0
ARID2	chr12	45811408	45811561	4	0
ARID2	chr12	45817660	45817898	5	0
ARID2	chr12	45821410	45821497	6	0
ARID2	chr12	45836579	45836665	7	0
ARID2	chr12	45836731	45837001	8	0
ARID2	chr12	45837311	45837427	9	0
ARID2	chr12	45837488	45837717	10	0
ARID2	chr12	45839319	45839506	11	0
ARID2	chr12	45846846	45846947	12	0
ARID2	chr12	45848826	45848980	13	0
ARID2	chr12	45849570	45849786	14	0
ARID2	chr12	45850026	45852906	15	0
ARID2	chr12	45860791	45860959	16	0
ARID2	chr12	45891770	45891928	17	0
ARID2	chr12	45892001	45892106	18	0
ARID2	chr12	45893410	45893553	19	0
ARID2	chr12	45893620	45893731	20	0
ARID2	chr12	45904924	45905078	21	0
PDGFRB	chr5	150115763	150115956	23	0
PDGFRB	chr5	150117608	150117860	22	0
PDGFRB	chr5	150118737	150118862	21	0
PDGFRB	chr5	150119457	150119576	20	0
PDGFRB	chr5	150120002	150120133	19	0
PDGFRB	chr5	150120878	150121020	18	0
PDGFRB	chr5	150121194	150121332	17	0
PDGFRB	chr5	150121870	150122050	16	0
PDGFRB	chr5	150123032	150123211	15	0
PDGFRB	chr5	150124240	150124370	14	0
PDGFRB	chr5	150124717	150124841	13	0
PDGFRB	chr5	150125435	150125587	12	0
PDGFRB	chr5	150126510	150126624	11	0
PDGFRB	chr5	150129747	150129978	10	0
PDGFRB	chr5	150130529	150130672	9	0
PDGFRB	chr5	150131969	150132104	8	0
PDGFRB	chr5	150132740	150132952	7	0
PDGFRB	chr5	150133576	150133770	6	0
PDGFRB	chr5	150133871	150134018	5	0
PDGFRB	chr5	150134740	150135026	4	0
PDGFRB	chr5	150135545	150135888	3	0
PDGFRB	chr5	150136998	150137047	2	0
PDGFRA	chr4	54258769	54258827	2	0
PDGFRA	chr4	54261085	54261422	3	0
PDGFRA	chr4	54263657	54263937	4	0
PDGFRA	chr4	54264909	54265059	5	0
PDGFRA	chr4	54267279	54267470	6	0
PDGFRA	chr4	54267542	54267751	7	0
PDGFRA	chr4	54270623	54270758	8	0
PDGFRA	chr4	54272384	54272530	9	0
PDGFRA	chr4	54273527	54273740	10	0
PDGFRA	chr4	54274521	54274635	11	0
PDGFRA	chr4	54274831	54274983	12	0
PDGFRA	chr4	54277378	54277502	13	0
PDGFRA	chr4	54277886	54278016	14	0
PDGFRA	chr4	54278352	54278525	15	0
PDGFRA	chr4	54280306	54280492	16	0
PDGFRA	chr4	54285361	54285496	17	0
PDGFRA	chr4	54285831	54285973	18	0
PDGFRA	chr4	54287420	54287551	19	0
PDGFRA	chr4	54288789	54288908	20	0
PDGFRA	chr4	54288999	54289124	21	0
PDGFRA	chr4	54290303	54290564	22	0
PDGFRA	chr4	54295115	54295272	23	0
G6PD	chrX	154532000	154532100	13	0
G6PD	chrX	154532178	154532290	12	0
G6PD	chrX	154532376	154532472	11	0
G6PD	chrX	154532557	154532812	10	0
G6PD	chrX	154532932	154533138	9	0
G6PD	chrX	154533566	154533679	8	0
G6PD	chrX	154534025	154534170	7	0
G6PD	chrX	154534328	154534506	6	0
G6PD	chrX	154535158	154535395	5	0
G6PD	chrX	154535927	154536055	4	0
G6PD	chrX	154536131	154536188	3	0
G6PD	chrX	154546026	154546155	2	0
HGF	chr7	81702581	81702767	18	0
HGF	chr7	81705380	81705545	17	0
HGF	chr7	81705637	81705763	16	0
HGF	chr7	81706277	81706437	15	0
HGF	chr7	81707280	81707374	14	0
HGF	chr7	81710137	81710253	13	0
HGF	chr7	81711471	81711529	12	0
HGF	chr7	81717222	81717375	11	0
HGF	chr7	81720735	81720857	10	0
HGF	chr7	81725880	81726027	9	0
HGF	chr7	81729595	81729789	8	0
HGF	chr7	81743343	81743481	7	0
HGF	chr7	81744990	81745130	6	0
HGF	chr7	81752110	81752272	5	0
HGF	chr7	81757179	81757313	4	0
HGF	chr7	81758682	81758814	3	0
HGF	chr7	81762697	81762882	2	0
HGF	chr7	81769874	81769971	1	0
TSC2	chr16	2048616	2048763	2	0
TSC2	chr16	2050390	2050496	3	0
TSC2	chr16	2053332	2053462	4	0
TSC2	chr16	2054286	2054450	5	0
TSC2	chr16	2055392	2055529	6	0
TSC2	chr16	2056186	2056254	7	0
TSC2	chr16	2056634	2056779	8	0
TSC2	chr16	2057095	2057188	9	0
TSC2	chr16	2058737	2058883	10	0
TSC2	chr16	2060660	2060823	11	0
TSC2	chr16	2061861	2062018	12	0
TSC2	chr16	2062487	2062610	13	0
TSC2	chr16	2062962	2063063	14	0
TSC2	chr16	2064262	2064437	15	0
TSC2	chr16	2065509	2065645	16	0
TSC2	chr16	2070446	2070588	17	0
TSC2	chr16	2071500	2071626	18	0
TSC2	chr16	2071774	2071944	19	0
TSC2	chr16	2072231	2072373	20	0
TSC2	chr16	2072839	2072993	21	0
TSC2	chr16	2074190	2074399	22	0
TSC2	chr16	2075789	2075902	23	0
TSC2	chr16	2076058	2076180	24	0
TSC2	chr16	2076481	2076595	25	0
TSC2	chr16	2077588	2077736	26	0
TSC2	chr16	2079022	2079206	27	0
TSC2	chr16	2079266	2079438	28	0
TSC2	chr16	2079547	2079679	29	0
TSC2	chr16	2080155	2080387	30	0
TSC2	chr16	2081585	2081808	31	0
TSC2	chr16	2082426	2082514	32	0
TSC2	chr16	2083685	2083826	33	0
TSC2	chr16	2084218	2084725	34	0
TSC2	chr16	2084941	2085036	35	0
TSC2	chr16	2085220	2085332	36	0
TSC2	chr16	2086183	2086389	37	0
TSC2	chr16	2086722	2086881	38	0
TSC2	chr16	2087853	2087951	39	0
TSC2	chr16	2088038	2088149	40	0
TSC2	chr16	2088217	2088335	41	0
TSC2	chr16	2088436	2088610	42	0
ARID5B	chr10	61901710	61901740	1	0
ARID5B	chr10	61902149	61902423	2	0
ARID5B	chr10	61940173	61940418	3	0
ARID5B	chr10	62000081	62000331	4	0
ARID5B	chr10	62050878	62051010	5	0
ARID5B	chr10	62057107	62057328	6	0
ARID5B	chr10	62059233	62059305	7	0
ARID5B	chr10	62069690	62069807	8	0
ARID5B	chr10	62085692	62085910	9	0
ARID5B	chr10	62090852	62093030	10	0
TSC1	chr9	132896235	132896764	23	0
TSC1	chr9	132897174	132897355	22	0
TSC1	chr9	132897413	132897620	21	0
TSC1	chr9	132900705	132900847	20	0
TSC1	chr9	132901579	132901709	19	0
TSC1	chr9	132902595	132902797	18	0
TSC1	chr9	132903641	132903827	17	0
TSC1	chr9	132904401	132904464	16	0
TSC1	chr9	132905571	132906149	15	0
TSC1	chr9	132906721	132906845	14	0
TSC1	chr9	132907291	132907380	13	0
TSC1	chr9	132910561	132910702	12	0
TSC1	chr9	132910992	132911123	11	0
TSC1	chr9	132911443	132911578	10	0
TSC1	chr9	132912272	132912467	9	0
TSC1	chr9	132921353	132921446	8	0
TSC1	chr9	132921809	132921983	7	0
TSC1	chr9	132923338	132923502	6	0
TSC1	chr9	132925577	132925749	5	0
TSC1	chr9	132927191	132927314	4	0
TSC1	chr9	132928757	132928872	3	0
SDHC	chr1	161314406	161314435	1	0
SDHC	chr1	161323604	161323680	2	0
SDHC	chr1	161328386	161328507	3	0
SDHC	chr1	161340584	161340665	4	0
SDHC	chr1	161356667	161356850	5	0
SDHC	chr1	161362319	161362433	6	0
SDHD	chr11	112086908	112086969	1	0
SDHD	chr11	112087847	112087983	2	0
SDHD	chr11	112088857	112089021	3	0
SDHD	chr11	112094795	112094970	4	0
SDHA	chr5	218356	218428	1	0
SDHA	chr5	223472	223578	2	0
SDHA	chr5	224350	224531	3	0
SDHA	chr5	225409	225572	4	0
SDHA	chr5	225873	226057	5	0
SDHA	chr5	228175	228343	6	0
SDHA	chr5	230866	231010	7	0
SDHA	chr5	233467	233655	8	0
SDHA	chr5	235134	235349	9	0
SDHA	chr5	236418	236609	10	0
SDHA	chr5	240348	240486	11	0
SDHA	chr5	250982	251113	12	0
SDHA	chr5	251328	251478	13	0
SDHA	chr5	254383	254516	14	0
SDHA	chr5	256324	256420	15	0
SDHB	chr1	17018881	17018968	8	0
SDHB	chr1	17022598	17022740	7	0
SDHB	chr1	17023963	17024084	6	0
SDHB	chr1	17027739	17027875	5	0
SDHB	chr1	17028590	17028746	4	0
SDHB	chr1	17033050	17033155	3	0
SDHB	chr1	17044751	17044898	2	0
SDHB	chr1	17053938	17054019	1	0
EEF1A1	chr6	73517810	73517944	8	0
EEF1A1	chr6	73518020	73518274	7	0
EEF1A1	chr6	73518344	73518620	6	0
EEF1A1	chr6	73518688	73518858	5	0
EEF1A1	chr6	73518922	73519238	4	0
EEF1A1	chr6	73519327	73519526	3	0
EEF1A1	chr6	73519873	73520026	2	0
MYCL	chr1	39897372	39897980	2	0
MYCL	chr1	39900929	39901434	1	0
MYCN	chr2	15942065	15942864	2	0
MYCN	chr2	15945483	15946097	3	0
CCNE1	chr19	29812556	29812588	2	0
CCNE1	chr19	29812679	29812786	3	0
CCNE1	chr19	29812959	29813047	4	0
CCNE1	chr19	29817127	29817292	5	0
CCNE1	chr19	29817396	29817551	6	0
CCNE1	chr19	29820692	29820858	7	0
CCNE1	chr19	29821712	29821827	8	0
CCNE1	chr19	29821986	29822140	9	0
CCNE1	chr19	29822230	29822361	10	0
CCNE1	chr19	29822436	29822613	11	0
CCNE1	chr19	29823645	29823777	12	0
FANCD2	chr3	10028658	10028731	2	0
FANCD2	chr3	10032822	10032982	3	0
FANCD2	chr3	10034459	10034546	4	0
FANCD2	chr3	10034685	10034808	5	0
FANCD2	chr3	10035163	10035243	6	0
FANCD2	chr3	10036277	10036349	7	0
FANCD2	chr3	10039269	10039367	8	0
FANCD2	chr3	10039711	10039855	9	0
FANCD2	chr3	10041613	10041720	10	0
FANCD2	chr3	10042549	10042673	11	0
FANCD2	chr3	10043040	10043160	12	0
FANCD2	chr3	10043474	10043602	13	0
FANCD2	chr3	10043819	10043874	14	0
FANCD2	chr3	10046570	10046733	15	0
FANCD2	chr3	10047907	10048061	16	0
FANCD2	chr3	10049364	10049515	17	0
FANCD2	chr3	10052377	10052507	18	0
FANCD2	chr3	10060284	10060413	19	0
FANCD2	chr3	10062141	10062221	20	0
FANCD2	chr3	10063782	10063921	21	0
FANCD2	chr3	10064346	10064439	22	0
FANCD2	chr3	10064719	10064885	23	0
FANCD2	chr3	10065384	10065504	24	0
FANCD2	chr3	10065854	10065989	25	0
FANCD2	chr3	10067199	10067327	26	0
FANCD2	chr3	10072861	10072991	27	0
FANCD2	chr3	10073243	10073372	28	0
FANCD2	chr3	10074520	10074683	29	0
FANCD2	chr3	10078071	10078207	30	0
FANCD2	chr3	10081090	10081238	31	0
FANCD2	chr3	10081336	10081474	32	0
FANCD2	chr3	10085802	10085932	33	0
FANCD2	chr3	10087124	10087274	34	0
FANCD2	chr3	10088439	10088552	35	0
FANCD2	chr3	10088818	10088960	36	0
FANCD2	chr3	10090282	10090395	37	0
FANCD2	chr3	10092171	10092262	38	0
FANCD2	chr3	10093275	10093333	39	0
FANCD2	chr3	10094279	10094373	40	0
FANCD2	chr3	10095190	10095284	41	0
FANCD2	chr3	10096316	10096482	42	0
FANCD2	chr3	10098710	10098825	43	0
FANCD2	chr3	10101178	10101262	44	0
TBL1XR1	chr3	177025498	177025534	16	0
TBL1XR1	chr3	177026363	177026484	15	0
TBL1XR1	chr3	177032961	177033146	14	0
TBL1XR1	chr3	177034188	177034335	13	0
TBL1XR1	chr3	177038088	177038182	12	0
TBL1XR1	chr3	177038303	177038444	11	0
TBL1XR1	chr3	177046119	177046199	10	0
TBL1XR1	chr3	177047290	177047407	9	0
TBL1XR1	chr3	177047476	177047559	8	0
TBL1XR1	chr3	177049987	177050148	7	0
TBL1XR1	chr3	177050468	177050620	6	0
TBL1XR1	chr3	177051494	177051736	5	0
TBL1XR1	chr3	177053763	177053928	4	0
TBL1XR1	chr3	177064910	177064977	3	0
RAF1	chr3	12584514	12584667	17	0
RAF1	chr3	12584837	12584991	16	0
RAF1	chr3	12585112	12585263	15	0
RAF1	chr3	12585671	12585809	14	0
RAF1	chr3	12587581	12587647	13	0
RAF1	chr3	12590788	12590984	12	0
RAF1	chr3	12591698	12591802	11	0
RAF1	chr3	12599681	12599818	10	0
RAF1	chr3	12600142	12600289	9	0
RAF1	chr3	12600378	12600425	8	0
RAF1	chr3	12604126	12604299	7	0
RAF1	chr3	12606191	12606309	6	0
RAF1	chr3	12608756	12608933	5	0
RAF1	chr3	12609223	12609345	4	0
RAF1	chr3	12611940	12612072	3	0
RAF1	chr3	12618505	12618721	2	0
CARD11	chr7	2906638	2906852	25	0
CARD11	chr7	2910040	2910175	24	0
CARD11	chr7	2912162	2912306	23	0
CARD11	chr7	2913277	2913476	22	0
CARD11	chr7	2915227	2915382	21	0
CARD11	chr7	2917280	2917395	20	0
CARD11	chr7	2918481	2918597	19	0
CARD11	chr7	2919362	2919622	18	0
CARD11	chr7	2922624	2922770	17	0
CARD11	chr7	2923122	2923343	16	0
CARD11	chr7	2924223	2924375	15	0
CARD11	chr7	2926729	2926801	14	0
CARD11	chr7	2928588	2928708	13	0
CARD11	chr7	2929982	2930084	12	0
CARD11	chr7	2932525	2932596	11	0
CARD11	chr7	2934443	2934639	10	0
CARD11	chr7	2937027	2937244	9	0
CARD11	chr7	2937897	2938042	8	0
CARD11	chr7	2938669	2938841	7	0
CARD11	chr7	2939739	2939938	6	0
CARD11	chr7	2944202	2944547	5	0
CARD11	chr7	2945809	2945966	4	0
CARD11	chr7	2947565	2947797	3	0
CARD11	chr7	2958490	2958506	2	0
CACNA1D	chr3	53495167	53495243	1	0
CACNA1D	chr3	53497142	53497471	2	0
CACNA1D	chr3	53501605	53501730	3	0
CACNA1D	chr3	53650769	53650928	4	0
CACNA1D	chr3	53660123	53660285	5	0
CACNA1D	chr3	53665650	53665822	6	0
CACNA1D	chr3	53666329	53666545	7	0
CACNA1D	chr3	53673013	53673136	8	0
CACNA1D	chr3	53702631	53702820	9	0
CACNA1D	chr3	53718291	53718398	10	0
CACNA1D	chr3	53719745	53719791	11	0
CACNA1D	chr3	53722304	53722484	12	0
CACNA1D	chr3	53723424	53723669	13	0
CACNA1D	chr3	53723782	53724009	14	0
CACNA1D	chr3	53726869	53727009	15	0
CACNA1D	chr3	53730432	53730566	16	0
CACNA1D	chr3	53731067	53731156	17	0
CACNA1D	chr3	53732006	53732092	18	0
CACNA1D	chr3	53732805	53732972	19	0
CACNA1D	chr3	53735364	53735513	20	0
CACNA1D	chr3	53740270	53740349	21	0
CACNA1D	chr3	53743001	53743127	22	0
CACNA1D	chr3	53744730	53744837	23	0
CACNA1D	chr3	53745614	53745741	24	0
CACNA1D	chr3	53745813	53745885	25	0
CACNA1D	chr3	53747292	53747458	26	0
CACNA1D	chr3	53749258	53749479	27	0
CACNA1D	chr3	53751739	53751917	28	0
CACNA1D	chr3	53753562	53753692	29	0
CACNA1D	chr3	53761988	53762091	30	0
CACNA1D	chr3	53769963	53770027	31	0
CACNA1D	chr3	53770414	53770562	32	0
CACNA1D	chr3	53772823	53772908	33	0
CACNA1D	chr3	53774577	53774688	34	0
CACNA1D	chr3	53775876	53776055	35	0
CACNA1D	chr3	53776593	53776740	36	0
CACNA1D	chr3	53776850	53776966	37	0
CACNA1D	chr3	53780016	53780138	38	0
CACNA1D	chr3	53781556	53781677	39	0
CACNA1D	chr3	53786812	53786962	40	0
CACNA1D	chr3	53800239	53800375	41	0
CACNA1D	chr3	53801048	53801435	42	0
CACNA1D	chr3	53802137	53802183	43	0
CACNA1D	chr3	53803413	53803582	44	0
CACNA1D	chr3	53804973	53805156	45	0
CACNA1D	chr3	53808639	53808780	46	0
CACNA1D	chr3	53809968	53810308	47	0
CACNA1D	chr3	53811103	53811406	48	0
HOXB13	chr17	48726790	48727053	2	0
HOXB13	chr17	48727983	48728593	1	0
ZFP36L2	chr2	43224319	43225762	2	0
ZFP36L2	chr2	43226255	43226315	1	0
ZFP36L1	chr14	68789533	68790502	2	0
ZFP36L1	chr14	68792872	68792938	1	0
TMEM127	chr2	96253808	96254125	4	0
TMEM127	chr2	96254823	96255007	3	0
TMEM127	chr2	96265128	96265381	2	0
BCL9L	chr11	118898415	118899518	10	0
BCL9L	chr11	118899907	118900208	9	0
BCL9L	chr11	118900609	118902918	8	0
BCL9L	chr11	118902980	118903084	7	0
BCL9L	chr11	118903226	118903462	6	0
BCL9L	chr11	118907473	118907612	5	0
BCL9L	chr11	118908260	118908665	4	0
BCL9L	chr11	118909904	118909939	3	0
SMAD2	chr18	47841827	47841960	11	0
SMAD2	chr18	47845330	47845494	10	0
SMAD2	chr18	47845653	47845810	9	0
SMAD2	chr18	47848465	47848697	8	0
SMAD2	chr18	47851264	47851337	7	0
SMAD2	chr18	47865049	47865143	6	0
SMAD2	chr18	47868313	47868467	5	0
SMAD2	chr18	47869233	47869446	4	0
SMAD2	chr18	47870465	47870574	3	0
SMAD2	chr18	47896511	47896756	2	0
ZFHX3	chr16	72787164	72788858	10	0
ZFHX3	chr16	72793245	72798724	9	0
ZFHX3	chr16	72800017	72800139	8	0
ZFHX3	chr16	72811567	72811787	7	0
ZFHX3	chr16	72811895	72812048	6	0
ZFHX3	chr16	72829769	72829869	5	0
ZFHX3	chr16	72889721	72889972	4	0
ZFHX3	chr16	72950459	72950975	3	0
ZFHX3	chr16	72957417	72960145	2	0
SMAD4	chr18	51047047	51047305	2	0
SMAD4	chr18	51048676	51048870	3	0
SMAD4	chr18	51049285	51049334	4	0
SMAD4	chr18	51054771	51055003	5	0
SMAD4	chr18	51058115	51058254	6	0
SMAD4	chr18	51058330	51058466	7	0
SMAD4	chr18	51059856	51059926	8	0
SMAD4	chr18	51065413	51065616	9	0
SMAD4	chr18	51067009	51067197	10	0
SMAD4	chr18	51076628	51076786	11	0
SMAD4	chr18	51078246	51078467	12	0
SMAD3	chr15	67066155	67066370	1	0
SMAD3	chr15	67164885	67165098	2	0
SMAD3	chr15	67165243	67165394	3	0
SMAD3	chr15	67166769	67166863	4	0
SMAD3	chr15	67170544	67170614	5	0
SMAD3	chr15	67181231	67181463	6	0
SMAD3	chr15	67184717	67184874	7	0
SMAD3	chr15	67187355	67187519	8	0
SMAD3	chr15	67190403	67190536	9	0
SPATA31A7	chr9	61190065	61190263	1	0
SPATA31A7	chr9	61191443	61191520	2	0
SPATA31A7	chr9	61192069	61192149	3	0
SPATA31A7	chr9	61192385	61196130	4	0
IDH1	chr2	208237079	208237179	10	0
IDH1	chr2	208239061	208239243	9	0
IDH1	chr2	208239853	208240013	8	0
IDH1	chr2	208241984	208242155	7	0
IDH1	chr2	208243417	208243614	6	0
IDH1	chr2	208245309	208245434	5	0
IDH1	chr2	208248359	208248670	4	0
IDH1	chr2	208251420	208251551	3	0
PTCH1	chr9	95446912	95447461	23	0
PTCH1	chr9	95449059	95449333	22	0
PTCH1	chr9	95449831	95449950	21	0
PTCH1	chr9	95453468	95453630	20	0
PTCH1	chr9	95456266	95456423	19	0
PTCH1	chr9	95458003	95458303	18	0
PTCH1	chr9	95459590	95459793	17	0
PTCH1	chr9	95461846	95462008	16	0
PTCH1	chr9	95467106	95467435	15	0
PTCH1	chr9	95468741	95469163	14	0
PTCH1	chr9	95469803	95469941	13	0
PTCH1	chr9	95476024	95476169	12	0
PTCH1	chr9	95476749	95476867	11	0
PTCH1	chr9	95477537	95477712	10	0
PTCH1	chr9	95478045	95478196	9	0
PTCH1	chr9	95478990	95479157	8	0
PTCH1	chr9	95479959	95480100	7	0
PTCH1	chr9	95480380	95480598	6	0
PTCH1	chr9	95481939	95482050	5	0
PTCH1	chr9	95482124	95482213	4	0
PTCH1	chr9	95485675	95485884	3	0
PTCH1	chr9	95506397	95506609	2	0
PTCH1	chr9	95508151	95508361	1	0
IDH2	chr15	90084266	90084363	11	0
IDH2	chr15	90084806	90084918	10	0
IDH2	chr15	90084991	90085108	9	0
IDH2	chr15	90085265	90085397	8	0
IDH2	chr15	90087102	90087273	7	0
IDH2	chr15	90087429	90087585	6	0
IDH2	chr15	90088349	90088512	5	0
IDH2	chr15	90088577	90088757	4	0
IDH2	chr15	90090469	90090654	3	0
IDH2	chr15	90091543	90091654	2	0
IDH2	chr15	90102266	90102390	1	0
PTCH2	chr1	44822415	44822679	22	0
PTCH2	chr1	44823059	44823178	21	0
PTCH2	chr1	44823233	44823395	20	0
PTCH2	chr1	44826240	44826397	19	0
PTCH2	chr1	44826478	44826778	18	0
PTCH2	chr1	44826892	44827092	17	0
PTCH2	chr1	44827157	44827319	16	0
PTCH2	chr1	44827392	44827724	15	0
PTCH2	chr1	44827833	44828201	14	0
PTCH2	chr1	44828286	44828424	13	0
PTCH2	chr1	44828496	44828641	12	0
PTCH2	chr1	44828972	44829084	11	0
PTCH2	chr1	44829147	44829322	10	0
PTCH2	chr1	44829392	44829543	9	0
PTCH2	chr1	44829604	44829771	8	0
PTCH2	chr1	44829899	44830040	7	0
PTCH2	chr1	44830838	44831053	6	0
PTCH2	chr1	44831696	44831807	5	0
PTCH2	chr1	44831965	44832054	4	0
PTCH2	chr1	44832142	44832351	3	0
PTCH2	chr1	44841837	44842049	2	0
PTCH2	chr1	44842851	44842932	1	0
ESR1	chr6	151807913	151808374	1	0
ESR1	chr6	151842587	151842797	2	0
ESR1	chr6	151880645	151880781	3	0
ESR1	chr6	151944163	151944518	4	0
ESR1	chr6	152011646	152011804	5	0
ESR1	chr6	152060981	152061134	6	0
ESR1	chr6	152094375	152094578	7	0
ESR1	chr6	152098722	152098966	8	0
LRP1B	chr2	140233186	140233336	91	0
LRP1B	chr2	140234776	140234894	90	0
LRP1B	chr2	140238142	140238306	89	0
LRP1B	chr2	140239432	140239542	88	0
LRP1B	chr2	140247076	140247172	87	0
LRP1B	chr2	140270232	140270356	86	0
LRP1B	chr2	140274414	140274608	85	0
LRP1B	chr2	140297798	140297979	84	0
LRP1B	chr2	140314925	140315109	83	0
LRP1B	chr2	140321953	140322098	82	0
LRP1B	chr2	140323883	140324076	81	0
LRP1B	chr2	140325752	140325888	80	0
LRP1B	chr2	140334443	140334569	79	0
LRP1B	chr2	140335605	140335848	78	0
LRP1B	chr2	140350787	140351048	77	0
LRP1B	chr2	140352943	140353082	76	0
LRP1B	chr2	140356332	140356486	75	0
LRP1B	chr2	140357969	140358126	74	0
LRP1B	chr2	140358811	140358956	73	0
LRP1B	chr2	140364651	140364793	72	0
LRP1B	chr2	140370700	140370852	71	0
LRP1B	chr2	140371169	140371295	70	0
LRP1B	chr2	140372998	140373147	69	0
LRP1B	chr2	140378170	140378296	68	0
LRP1B	chr2	140385883	140386019	67	0
LRP1B	chr2	140442494	140442633	66	0
LRP1B	chr2	140444320	140444459	65	0
LRP1B	chr2	140444553	140444689	64	0
LRP1B	chr2	140450558	140450671	63	0
LRP1B	chr2	140456445	140456613	62	0
LRP1B	chr2	140457453	140457661	61	0
LRP1B	chr2	140475128	140475347	60	0
LRP1B	chr2	140485333	140485534	59	0
LRP1B	chr2	140487607	140487749	58	0
LRP1B	chr2	140492598	140492703	57	0
LRP1B	chr2	140495555	140495758	56	0
LRP1B	chr2	140501677	140501884	55	0
LRP1B	chr2	140502953	140503113	54	0
LRP1B	chr2	140506786	140506928	53	0
LRP1B	chr2	140509918	140510066	52	0
LRP1B	chr2	140514643	140514782	51	0
LRP1B	chr2	140516879	140517021	50	0
LRP1B	chr2	140525834	140526003	49	0
LRP1B	chr2	140526227	140526360	48	0
LRP1B	chr2	140534011	140534150	47	0
LRP1B	chr2	140536571	140536719	46	0
LRP1B	chr2	140540963	140541108	45	0
LRP1B	chr2	140541769	140541981	44	0
LRP1B	chr2	140598621	140598845	43	0
LRP1B	chr2	140601440	140601649	42	0
LRP1B	chr2	140700240	140700631	41	0
LRP1B	chr2	140701711	140701855	40	0
LRP1B	chr2	140702131	140702302	39	0
LRP1B	chr2	140702417	140702563	38	0
LRP1B	chr2	140715963	140716112	37	0
LRP1B	chr2	140716672	140716826	36	0
LRP1B	chr2	140769203	140769354	35	0
LRP1B	chr2	140770871	140771016	34	0
LRP1B	chr2	140776088	140776248	33	0
LRP1B	chr2	140813647	140813816	32	0
LRP1B	chr2	140839981	140840095	31	0
LRP1B	chr2	140840908	140841102	30	0
LRP1B	chr2	140850092	140850339	29	0
LRP1B	chr2	140851642	140851793	28	0
LRP1B	chr2	140867580	140867844	27	0
LRP1B	chr2	140868089	140868273	26	0
LRP1B	chr2	140883807	140884031	25	0
LRP1B	chr2	140886128	140886345	24	0
LRP1B	chr2	140902910	140903175	23	0
LRP1B	chr2	140907867	140908087	22	0
LRP1B	chr2	140922955	140923157	21	0
LRP1B	chr2	140950225	140950412	20	0
LRP1B	chr2	140951850	140951950	19	0
LRP1B	chr2	140982150	140982286	18	0
LRP1B	chr2	140989522	140989667	17	0
LRP1B	chr2	140993985	140994145	16	0
LRP1B	chr2	141005325	141005467	15	0
LRP1B	chr2	141013546	141013755	14	0
LRP1B	chr2	141015686	141015925	13	0
LRP1B	chr2	141019912	141020112	12	0
LRP1B	chr2	141048976	141049232	11	0
LRP1B	chr2	141055106	141055269	10	0
LRP1B	chr2	141058873	141059064	9	0
LRP1B	chr2	141062041	141062283	8	0
LRP1B	chr2	141188411	141188593	7	0
LRP1B	chr2	141229173	141229450	6	0
LRP1B	chr2	141247216	141247364	5	0
LRP1B	chr2	141254512	141254651	4	0
LRP1B	chr2	141480386	141480543	3	0
LRP1B	chr2	141810269	141810411	2	0
LRP1B	chr2	142130638	142130729	1	0
PHOX2B	chr4	41745807	41746332	3	0
PHOX2B	chr4	41747339	41747546	2	0
PHOX2B	chr4	41748360	41748610	1	0
AFDN	chr6	167827133	167827247	1	0
AFDN	chr6	167864541	167864756	2	0
AFDN	chr6	167870376	167870508	3	0
AFDN	chr6	167872204	167872387	4	0
AFDN	chr6	167875325	167875505	5	0
AFDN	chr6	167880350	167880527	6	0
AFDN	chr6	167889205	167889336	7	0
AFDN	chr6	167890852	167891039	8	0
AFDN	chr6	167893852	167893916	9	0
AFDN	chr6	167896868	167896982	10	0
AFDN	chr6	167898195	167898477	11	0
AFDN	chr6	167902307	167902396	12	0
AFDN	chr6	167907161	167907299	13	0
AFDN	chr6	167911091	167911172	14	0
AFDN	chr6	167911274	167911499	15	0
AFDN	chr6	167913393	167913433	16	0
AFDN	chr6	167914158	167914323	17	0
AFDN	chr6	167914634	167914748	18	0
AFDN	chr6	167915158	167915443	19	0
AFDN	chr6	167917079	167917242	20	0
AFDN	chr6	167918725	167918943	21	0
AFDN	chr6	167922846	167922969	22	0
AFDN	chr6	167924995	167925101	23	0
AFDN	chr6	167943119	167943204	24	0
AFDN	chr6	167943392	167943485	25	0
AFDN	chr6	167943931	167944069	26	0
AFDN	chr6	167946697	167946911	27	0
AFDN	chr6	167947843	167947954	28	0
AFDN	chr6	167948283	167948488	29	0
AFDN	chr6	167951176	167952197	30	0
AFDN	chr6	167962423	167962577	31	0
AFDN	chr6	167965747	167966055	32	0
AFDN	chr6	167969104	167969208	33	0
AFDN	chr6	167969772	167969935	34	0
DIAPH2	chrX	96685059	96685200	1	0
DIAPH2	chrX	96735748	96735800	2	0
DIAPH2	chrX	96738576	96738772	3	0
DIAPH2	chrX	96758144	96758268	4	0
DIAPH2	chrX	96881569	96881728	5	0
DIAPH2	chrX	96912318	96912412	6	0
DIAPH2	chrX	96912473	96912562	7	0
DIAPH2	chrX	96916428	96916584	8	0
DIAPH2	chrX	96918499	96918627	9	0
DIAPH2	chrX	96930723	96930853	10	0
DIAPH2	chrX	96937223	96937361	11	0
DIAPH2	chrX	96939256	96939392	12	0
DIAPH2	chrX	96942008	96942146	13	0
DIAPH2	chrX	96945517	96945601	14	0
DIAPH2	chrX	96948925	96949049	15	0
DIAPH2	chrX	96957818	96958158	16	0
DIAPH2	chrX	96965083	96965217	17	0
DIAPH2	chrX	97072931	97073052	18	0
DIAPH2	chrX	97075157	97075271	19	0
DIAPH2	chrX	97099684	97099805	20	0
DIAPH2	chrX	97114716	97114975	21	0
DIAPH2	chrX	97141655	97141804	22	0
DIAPH2	chrX	97247705	97247849	23	0
DIAPH2	chrX	97348106	97348290	24	0
DIAPH2	chrX	97383899	97384054	25	0
DIAPH2	chrX	97429640	97429755	26	0
DIAPH2	chrX	97599243	97599317	27	0
DLG2	chr11	83459818	83459934	28	0
DLG2	chr11	83461992	83462103	27	0
DLG2	chr11	83466698	83466827	26	0
DLG2	chr11	83469191	83469383	25	0
DLG2	chr11	83471616	83471737	24	0
DLG2	chr11	83472717	83472787	23	0
DLG2	chr11	83484119	83484238	22	0
DLG2	chr11	83532698	83532793	21	0
DLG2	chr11	83541672	83541868	20	0
DLG2	chr11	83633201	83633335	19	0
DLG2	chr11	83786680	83786802	18	0
DLG2	chr11	83833604	83833780	17	0
DLG2	chr11	83874410	83874498	16	0
DLG2	chr11	83930318	83930493	15	0
DLG2	chr11	83962875	83963033	14	0
DLG2	chr11	83965314	83965478	13	0
DLG2	chr11	83980496	83980652	12	0
DLG2	chr11	84059305	84059494	11	0
DLG2	chr11	84098913	84099057	10	0
DLG2	chr11	84163451	84163521	9	0
DLG2	chr11	84251228	84251301	8	0
DLG2	chr11	84534560	84534741	7	0
DLG2	chr11	85111651	85111745	6	0
DLG2	chr11	85154546	85154661	5	0
DLG2	chr11	85285210	85285375	4	0
DLG2	chr11	85598647	85598696	3	0
GNAQ	chr9	77721323	77721523	7	0
GNAQ	chr9	77728504	77728677	6	0
GNAQ	chr9	77794453	77794602	5	0
GNAQ	chr9	77797510	77797658	4	0
GNAQ	chr9	77815606	77815780	3	0
GNAQ	chr9	77922151	77922355	2	0
GNAQ	chr9	78031090	78031235	1	0
FGF19	chr11	69699262	69699586	3	0
FGF19	chr11	69703251	69703374	2	0
FGF19	chr11	69703635	69703876	1	0
GNAS	chr20	58891727	58891875	1	0
GNAS	chr20	58895602	58895694	2	0
GNAS	chr20	58898931	58898995	3	0
GNAS	chr20	58903521	58903595	4	0
GNAS	chr20	58903662	58903801	5	0
GNAS	chr20	58905373	58905490	6	0
GNAS	chr20	58909152	58909226	7	0
GNAS	chr20	58909340	58909433	8	0
GNAS	chr20	58909511	58909589	9	0
GNAS	chr20	58909674	58909814	10	0
GNAS	chr20	58909941	58910091	11	0
GNAS	chr20	58910324	58910411	12	0
GNAS	chr20	58910673	58910829	13	0
NFKBIE	chr6	44259219	44259294	6	0
NFKBIE	chr6	44260033	44260292	5	0
NFKBIE	chr6	44260441	44260549	4	0
NFKBIE	chr6	44261616	44261858	3	0
NFKBIE	chr6	44262550	44262672	2	0
NFKBIE	chr6	44264972	44265346	1	0
IL7R	chr5	35856978	35857069	1	0
IL7R	chr5	35860842	35861000	2	0
IL7R	chr5	35867296	35867473	3	0
IL7R	chr5	35871046	35871223	4	0
IL7R	chr5	35873470	35873658	5	0
IL7R	chr5	35874439	35874552	6	0
IL7R	chr5	35875502	35875597	7	0
IL7R	chr5	35875973	35876486	8	0
FGFR4	chr5	177089603	177089703	2	0
FGFR4	chr5	177090380	177090663	3	0
FGFR4	chr5	177090735	177090835	4	0
FGFR4	chr5	177090928	177091114	5	0
FGFR4	chr5	177091675	177091818	6	0
FGFR4	chr5	177092311	177092521	7	0
FGFR4	chr5	177092636	177092794	8	0
FGFR4	chr5	177093128	177093341	9	0
FGFR4	chr5	177093396	177093561	10	0
FGFR4	chr5	177093644	177093785	11	0
FGFR4	chr5	177095320	177095450	12	0
FGFR4	chr5	177095523	177095733	13	0
FGFR4	chr5	177096047	177096189	14	0
FGFR4	chr5	177096277	177096367	15	0
FGFR4	chr5	177096594	177096751	16	0
FGFR4	chr5	177097282	177097407	17	0
FGFR4	chr5	177097517	177097676	18	0
FGFR3	chr4	1793935	1794053	2	0
FGFR3	chr4	1799244	1799533	3	0
FGFR3	chr4	1799737	1799822	4	0
FGFR3	chr4	1801357	1801546	5	0
FGFR3	chr4	1801610	1801753	6	0
FGFR3	chr4	1801825	1802035	7	0
FGFR3	chr4	1803682	1803846	8	0
FGFR3	chr4	1804320	1804530	9	0
FGFR3	chr4	1804814	1804979	10	0
FGFR3	chr4	1805345	1805486	11	0
FGFR3	chr4	1805549	1805679	12	0
FGFR3	chr4	1805740	1805950	13	0
FGFR3	chr4	1806041	1806183	14	0
FGFR3	chr4	1806247	1806337	15	0
FGFR3	chr4	1806536	1806693	16	0
FGFR3	chr4	1806819	1806944	17	0
FGFR3	chr4	1807106	1807262	18	0
FGFR2	chr10	121479857	121480031	18	0
FGFR2	chr10	121483688	121483813	17	0
FGFR2	chr10	121485385	121485542	16	0
FGFR2	chr10	121487344	121487434	15	0
FGFR2	chr10	121487981	121488123	14	0
FGFR2	chr10	121496522	121496732	13	0
FGFR2	chr10	121498485	121498615	12	0
FGFR2	chr10	121500816	121500957	11	0
FGFR2	chr10	121503780	121503951	10	0
FGFR2	chr10	121515107	121515329	9	0
FGFR2	chr10	121517309	121517473	8	0
FGFR2	chr10	121519969	121520179	7	0
FGFR2	chr10	121538582	121538725	6	0
FGFR2	chr10	121551280	121551469	5	0
FGFR2	chr10	121564492	121564589	4	0
FGFR2	chr10	121565428	121565714	3	0
FGFR2	chr10	121593699	121593817	2	0
BMPR1A	chr10	86876019	86876095	3	0
BMPR1A	chr10	86890052	86890234	4	0
BMPR1A	chr10	86892117	86892239	5	0
BMPR1A	chr10	86899784	86899900	6	0
BMPR1A	chr10	86900017	86900136	7	0
BMPR1A	chr10	86912230	86912394	8	0
BMPR1A	chr10	86917124	86917336	9	0
BMPR1A	chr10	86919162	86919479	10	0
BMPR1A	chr10	86921510	86921705	11	0
BMPR1A	chr10	86923366	86923516	12	0
BMPR1A	chr10	86923584	86923719	13	0
FGFR1	chr8	38413628	38413814	18	0
FGFR1	chr8	38413908	38414033	17	0
FGFR1	chr8	38414142	38414299	16	0
FGFR1	chr8	38414549	38414639	15	0
FGFR1	chr8	38414769	38414911	14	0
FGFR1	chr8	38415860	38416070	13	0
FGFR1	chr8	38417296	38417426	12	0
FGFR1	chr8	38417860	38418001	11	0
FGFR1	chr8	38418218	38418383	10	0
FGFR1	chr8	38419523	38419745	9	0
FGFR1	chr8	38421787	38421951	8	0
FGFR1	chr8	38424499	38424709	7	0
FGFR1	chr8	38426112	38426255	6	0
FGFR1	chr8	38427911	38428103	5	0
FGFR1	chr8	38428336	38428445	4	0
FGFR1	chr8	38429672	38429958	3	0
FGFR1	chr8	38457346	38457446	2	0
KDM5C	chrX	53192967	53193342	26	0
KDM5C	chrX	53193427	53193646	25	0
KDM5C	chrX	53193763	53193861	24	0
KDM5C	chrX	53194129	53194748	23	0
KDM5C	chrX	53194921	53195078	22	0
KDM5C	chrX	53195221	53195420	21	0
KDM5C	chrX	53195906	53196064	20	0
KDM5C	chrX	53196676	53197054	19	0
KDM5C	chrX	53197761	53197886	18	0
KDM5C	chrX	53198480	53198647	17	0
KDM5C	chrX	53198754	53198898	16	0
KDM5C	chrX	53198967	53199168	15	0
KDM5C	chrX	53201540	53201754	14	0
KDM5C	chrX	53201844	53201983	13	0
KDM5C	chrX	53210404	53210586	12	0
KDM5C	chrX	53210666	53210867	11	0
KDM5C	chrX	53211487	53211665	10	0
KDM5C	chrX	53211777	53211916	9	0
KDM5C	chrX	53214679	53214857	8	0
KDM5C	chrX	53215785	53215986	7	0
KDM5C	chrX	53216064	53216207	6	0
KDM5C	chrX	53217133	53217287	5	0
KDM5C	chrX	53217786	53217976	4	0
KDM5C	chrX	53218266	53218408	3	0
KDM5C	chrX	53220829	53220926	2	0
KDM5C	chrX	53224730	53224889	1	0
DDX3X	chrX	41334253	41334307	1	0
DDX3X	chrX	41337398	41337475	2	0
DDX3X	chrX	41339026	41339093	3	0
DDX3X	chrX	41341474	41341626	4	0
DDX3X	chrX	41342485	41342663	5	0
DDX3X	chrX	41342727	41342846	6	0
DDX3X	chrX	41343206	41343361	7	0
DDX3X	chrX	41343727	41343832	8	0
DDX3X	chrX	41344020	41344138	9	0
DDX3X	chrX	41344229	41344409	10	0
DDX3X	chrX	41345170	41345334	11	0
DDX3X	chrX	41345394	41345558	12	0
DDX3X	chrX	41346219	41346420	13	0
DDX3X	chrX	41346495	41346632	14	0
DDX3X	chrX	41346849	41347022	15	0
DDX3X	chrX	41347302	41347461	16	0
DDX3X	chrX	41347630	41347719	17	0
USP32	chr17	60179255	60179438	34	0
USP32	chr17	60180535	60180647	33	0
USP32	chr17	60181314	60181758	32	0
USP32	chr17	60183155	60183463	31	0
USP32	chr17	60185450	60185661	30	0
USP32	chr17	60190553	60190693	29	0
USP32	chr17	60192834	60192940	28	0
USP32	chr17	60198250	60198454	27	0
USP32	chr17	60205437	60205668	26	0
USP32	chr17	60207011	60207142	25	0
USP32	chr17	60208049	60208220	24	0
USP32	chr17	60208644	60208838	23	0
USP32	chr17	60209360	60209553	22	0
USP32	chr17	60211003	60211128	21	0
USP32	chr17	60211366	60211524	20	0
USP32	chr17	60212014	60212108	19	0
USP32	chr17	60213571	60213672	18	0
USP32	chr17	60214610	60214784	17	0
USP32	chr17	60219660	60219797	16	0
USP32	chr17	60222399	60222559	15	0
USP32	chr17	60223401	60223596	14	0
USP32	chr17	60226029	60226241	13	0
USP32	chr17	60236128	60236250	12	0
USP32	chr17	60252371	60252452	11	0
USP32	chr17	60255165	60255268	10	0
USP32	chr17	60265402	60265484	9	0
USP32	chr17	60265966	60266101	8	0
USP32	chr17	60269440	60269567	7	0
USP32	chr17	60271340	60271491	6	0
USP32	chr17	60288513	60288692	5	0
USP32	chr17	60294673	60294811	4	0
USP32	chr17	60301589	60301714	3	0
USP32	chr17	60345471	60345618	2	0
USP32	chr17	60391872	60391939	1	0
DOCK8	chr9	214977	215039	1	0
DOCK8	chr9	271617	271739	2	0
DOCK8	chr9	286451	286646	3	0
DOCK8	chr9	289500	289591	4	0
DOCK8	chr9	304571	304714	5	0
DOCK8	chr9	311944	312176	6	0
DOCK8	chr9	317033	317138	7	0
DOCK8	chr9	325661	325747	8	0
DOCK8	chr9	328012	328181	9	0
DOCK8	chr9	332388	332488	10	0
DOCK8	chr9	334215	334394	11	0
DOCK8	chr9	336572	336728	12	0
DOCK8	chr9	338996	339109	13	0
DOCK8	chr9	340149	340331	14	0
DOCK8	chr9	368008	368145	15	0
DOCK8	chr9	370220	370310	16	0
DOCK8	chr9	371418	371576	17	0
DOCK8	chr9	372175	372296	18	0
DOCK8	chr9	376200	376315	19	0
DOCK8	chr9	376967	377221	20	0
DOCK8	chr9	379761	379945	21	0
DOCK8	chr9	382503	382695	22	0
DOCK8	chr9	386321	386436	23	0
DOCK8	chr9	390461	390576	24	0
DOCK8	chr9	396775	396944	25	0
DOCK8	chr9	399136	399269	26	0
DOCK8	chr9	404908	405083	27	0
DOCK8	chr9	406920	407079	28	0
DOCK8	chr9	414772	414961	29	0
DOCK8	chr9	418058	418217	30	0
DOCK8	chr9	420391	420593	31	0
DOCK8	chr9	420939	421088	32	0
DOCK8	chr9	422038	422145	33	0
DOCK8	chr9	426875	426991	34	0
DOCK8	chr9	428352	428506	35	0
DOCK8	chr9	429692	429864	36	0
DOCK8	chr9	432156	432334	37	0
DOCK8	chr9	433865	433985	38	0
DOCK8	chr9	434773	434985	39	0
DOCK8	chr9	439235	439398	40	0
DOCK8	chr9	441276	441427	41	0
DOCK8	chr9	441865	442019	42	0
DOCK8	chr9	443417	443526	43	0
DOCK8	chr9	446360	446616	44	0
DOCK8	chr9	449774	449937	45	0
DOCK8	chr9	452001	452127	46	0
DOCK8	chr9	463507	463697	47	0
DOCK8	chr9	464149	464219	48	0
SIX1	chr14	60646283	60646587	2	0
SIX1	chr14	60648620	60649189	1	0
PSIP1	chr9	15465520	15465590	16	0
PSIP1	chr9	15466738	15466869	15	0
PSIP1	chr9	15468620	15468853	14	0
PSIP1	chr9	15468947	15469068	13	0
PSIP1	chr9	15469256	15469346	12	0
PSIP1	chr9	15469928	15470003	11	0
PSIP1	chr9	15472622	15472760	10	0
PSIP1	chr9	15473999	15474247	9	0
PSIP1	chr9	15478467	15478562	8	0
PSIP1	chr9	15479581	15479697	7	0
PSIP1	chr9	15485996	15486078	6	0
PSIP1	chr9	15486817	15486941	5	0
PSIP1	chr9	15489976	15490134	4	0
PSIP1	chr9	15506551	15506647	3	0
PSIP1	chr9	15510107	15510188	2	0
TNFAIP3	chr6	137871228	137871532	2	0
TNFAIP3	chr6	137874835	137875045	3	0
TNFAIP3	chr6	137875678	137875845	4	0
TNFAIP3	chr6	137875986	137876176	5	0
TNFAIP3	chr6	137877066	137877266	6	0
TNFAIP3	chr6	137878422	137879361	7	0
TNFAIP3	chr6	137880061	137880262	8	0
TNFAIP3	chr6	137881025	137881319	9	0
CHD4	chr12	6570676	6570703	40	0
CHD4	chr12	6570859	6571042	39	0
CHD4	chr12	6573064	6573279	38	0
CHD4	chr12	6577775	6577927	37	0
CHD4	chr12	6578019	6578147	36	0
CHD4	chr12	6578399	6578556	35	0
CHD4	chr12	6578836	6578927	34	0
CHD4	chr12	6581034	6581183	33	0
CHD4	chr12	6581281	6581398	32	0
CHD4	chr12	6581639	6581824	31	0
CHD4	chr12	6582127	6582291	30	0
CHD4	chr12	6582605	6582758	29	0
CHD4	chr12	6582838	6582946	28	0
CHD4	chr12	6583017	6583123	27	0
CHD4	chr12	6583188	6583388	26	0
CHD4	chr12	6587374	6587569	25	0
CHD4	chr12	6587702	6587959	24	0
CHD4	chr12	6588288	6588432	23	0
CHD4	chr12	6591456	6591593	22	0
CHD4	chr12	6591684	6591835	21	0
CHD4	chr12	6591906	6592067	20	0
CHD4	chr12	6592383	6592576	19	0
CHD4	chr12	6592686	6592827	18	0
CHD4	chr12	6593081	6593238	17	0
CHD4	chr12	6593406	6593626	16	0
CHD4	chr12	6594449	6594660	15	0
CHD4	chr12	6595324	6595440	14	0
CHD4	chr12	6595996	6596147	13	0
CHD4	chr12	6597884	6598109	12	0
CHD4	chr12	6598212	6598435	11	0
CHD4	chr12	6599763	6600022	10	0
CHD4	chr12	6600207	6600405	9	0
CHD4	chr12	6600524	6600679	8	0
CHD4	chr12	6600916	6601063	7	0
CHD4	chr12	6601279	6601540	6	0
CHD4	chr12	6601638	6601776	5	0
CHD4	chr12	6601950	6602185	4	0
CHD4	chr12	6602366	6602507	3	0
CHD4	chr12	6606264	6606373	2	0
CHD1	chr5	98856380	98856735	36	0
CHD1	chr5	98858170	98858400	35	0
CHD1	chr5	98858954	98859025	34	0
CHD1	chr5	98859962	98860078	33	0
CHD1	chr5	98863398	98863596	32	0
CHD1	chr5	98868485	98868645	31	0
CHD1	chr5	98869744	98869892	30	0
CHD1	chr5	98870677	98870813	29	0
CHD1	chr5	98872041	98872211	28	0
CHD1	chr5	98872407	98872565	27	0
CHD1	chr5	98873583	98873733	26	0
CHD1	chr5	98875062	98875123	25	0
CHD1	chr5	98876388	98876568	24	0
CHD1	chr5	98879542	98879738	23	0
CHD1	chr5	98881066	98881181	22	0
CHD1	chr5	98881269	98881385	21	0
CHD1	chr5	98881965	98882133	20	0
CHD1	chr5	98883078	98883247	19	0
CHD1	chr5	98885568	98885659	18	0
CHD1	chr5	98888078	98888250	17	0
CHD1	chr5	98889066	98889248	16	0
CHD1	chr5	98892515	98892723	15	0
CHD1	chr5	98893406	98893616	14	0
CHD1	chr5	98894587	98894696	13	0
CHD1	chr5	98896216	98896452	12	0
CHD1	chr5	98897183	98897330	11	0
CHD1	chr5	98898246	98898444	10	0
CHD1	chr5	98898654	98898774	9	0
CHD1	chr5	98899470	98899715	8	0
CHD1	chr5	98900801	98901092	7	0
CHD1	chr5	98901176	98901345	6	0
CHD1	chr5	98902890	98902974	5	0
CHD1	chr5	98903782	98903918	4	0
CHD1	chr5	98904887	98905108	3	0
CHD1	chr5	98926324	98926386	2	0
GPHN	chr14	66508528	66508601	1	0
GPHN	chr14	66681097	66681195	2	0
GPHN	chr14	66776454	66776531	3	0
GPHN	chr14	66824464	66824576	4	0
GPHN	chr14	66879929	66880043	5	0
GPHN	chr14	66915993	66916079	6	0
GPHN	chr14	66922656	66922948	7	0
GPHN	chr14	66924184	66924302	8	0
GPHN	chr14	66965181	66965335	9	0
GPHN	chr14	67023623	67023685	10	0
GPHN	chr14	67058639	67058796	11	0
GPHN	chr14	67088973	67089085	12	0
GPHN	chr14	67100846	67100921	13	0
GPHN	chr14	67110130	67110269	14	0
GPHN	chr14	67111851	67111929	15	0
GPHN	chr14	67113008	67113181	16	0
GPHN	chr14	67122246	67122387	17	0
GPHN	chr14	67143352	67143459	18	0
GPHN	chr14	67159405	67159498	19	0
GPHN	chr14	67165152	67165236	20	0
GPHN	chr14	67168923	67169046	21	0
GPHN	chr14	67179568	67179684	22	0
GPHN	chr14	67180794	67180937	23	0
FLCN	chr17	17213655	17213866	14	0
FLCN	chr17	17214975	17215100	13	0
FLCN	chr17	17215175	17215326	12	0
FLCN	chr17	17216370	17216513	11	0
FLCN	chr17	17217059	17217192	10	0
FLCN	chr17	17219009	17219219	9	0
FLCN	chr17	17221527	17221638	8	0
FLCN	chr17	17222491	17222671	7	0
FLCN	chr17	17223912	17224153	6	0
FLCN	chr17	17226166	17226332	5	0
FLCN	chr17	17227879	17228137	4	0
SPRED1	chr15	38253186	38253227	1	0
SPRED1	chr15	38299363	38299557	2	0
SPRED1	chr15	38322231	38322419	3	0
SPRED1	chr15	38324753	38324819	4	0
SPRED1	chr15	38339727	38339905	5	0
SPRED1	chr15	38349412	38349533	6	0
SPRED1	chr15	38351004	38351664	7	0
CASP8	chr2	201266487	201266801	2	0
CASP8	chr2	201271506	201271631	3	0
CASP8	chr2	201272628	201272786	4	0
CASP8	chr2	201272888	201272952	5	0
CASP8	chr2	201274879	201274963	6	0
CASP8	chr2	201276817	201276978	7	0
CASP8	chr2	201284806	201285327	8	0
CASP8	chr2	201286449	201286594	9	0
SIX2	chr2	45006170	45006495	2	0
SIX2	chr2	45008541	45009110	1	0
POLE	chr12	132624697	132624820	49	0
POLE	chr12	132624895	132625004	48	0
POLE	chr12	132625635	132625780	47	0
POLE	chr12	132626107	132626327	46	0
POLE	chr12	132632305	132632518	45	0
POLE	chr12	132632654	132632805	44	0
POLE	chr12	132634176	132634388	43	0
POLE	chr12	132635882	132636034	42	0
POLE	chr12	132638004	132638149	41	0
POLE	chr12	132639115	132639308	40	0
POLE	chr12	132641637	132641861	39	0
POLE	chr12	132642167	132642407	38	0
POLE	chr12	132642496	132642739	37	0
POLE	chr12	132642810	132643006	36	0
POLE	chr12	132643214	132643340	35	0
POLE	chr12	132643397	132643570	34	0
POLE	chr12	132643827	132643987	33	0
POLE	chr12	132648919	132649082	32	0
POLE	chr12	132649296	132649525	31	0
POLE	chr12	132649667	132649899	30	0
POLE	chr12	132657126	132657268	29	0
POLE	chr12	132657339	132657439	28	0
POLE	chr12	132657858	132657980	27	0
POLE	chr12	132659285	132659519	26	0
POLE	chr12	132660959	132661174	25	0
POLE	chr12	132661517	132661694	24	0
POLE	chr12	132663994	132664158	23	0
POLE	chr12	132664360	132664472	22	0
POLE	chr12	132665292	132665460	21	0
POLE	chr12	132667493	132667658	20	0
POLE	chr12	132668346	132668512	19	0
POLE	chr12	132668625	132668747	18	0
POLE	chr12	132668801	132668949	17	0
POLE	chr12	132672205	132672332	16	0
POLE	chr12	132672617	132672849	15	0
POLE	chr12	132673154	132673287	14	0
POLE	chr12	132673565	132673717	13	0
POLE	chr12	132675388	132675527	12	0
POLE	chr12	132675725	132675830	11	0
POLE	chr12	132676084	132676214	10	0
POLE	chr12	132676536	132676663	9	0
POLE	chr12	132677353	132677453	8	0
POLE	chr12	132677568	132677729	7	0
POLE	chr12	132679487	132679661	6	0
POLE	chr12	132679944	132680056	5	0
POLE	chr12	132680168	132680232	4	0
POLE	chr12	132680597	132680697	3	0
POLE	chr12	132681128	132681289	2	0
POLE	chr12	132687244	132687315	1	0
KDM6A	chrX	44873552	44873722	1	0
KDM6A	chrX	44873914	44873997	2	0
KDM6A	chrX	44961274	44961402	3	0
KDM6A	chrX	44974656	44974725	4	0
KDM6A	chrX	45010951	45011029	5	0
KDM6A	chrX	45020600	45020740	6	0
KDM6A	chrX	45034921	45034995	7	0
KDM6A	chrX	45037645	45037699	8	0
KDM6A	chrX	45051699	45051812	9	0
KDM6A	chrX	45053819	45053965	10	0
KDM6A	chrX	45058996	45059114	11	0
KDM6A	chrX	45059237	45059476	12	0
KDM6A	chrX	45060012	45060166	13	0
KDM6A	chrX	45060599	45060774	14	0
KDM6A	chrX	45061314	45061429	15	0
KDM6A	chrX	45062637	45062758	16	0
KDM6A	chrX	45063412	45063827	17	0
KDM6A	chrX	45069569	45070367	18	0
KDM6A	chrX	45076687	45076836	19	0
KDM6A	chrX	45078390	45078515	20	0
KDM6A	chrX	45079136	45079361	21	0
KDM6A	chrX	45082566	45082650	22	0
KDM6A	chrX	45082705	45082799	23	0
KDM6A	chrX	45083450	45083618	24	0
KDM6A	chrX	45085855	45085989	25	0
KDM6A	chrX	45089733	45089940	26	0
KDM6A	chrX	45090713	45090874	27	0
KDM6A	chrX	45107400	45107546	28	0
KDM6A	chrX	45110069	45110259	29	0
KDM6A	chrX	45111372	45111411	30	0
TGIF1	chr18	3450490	3450515	1	0
TGIF1	chr18	3456344	3456590	2	0
TGIF1	chr18	3457355	3457940	3	0
EED	chr11	86245230	86245353	1	0
EED	chr11	86250286	86250458	2	0
EED	chr11	86252138	86252250	3	0
EED	chr11	86255212	86255297	4	0
EED	chr11	86256377	86256522	5	0
EED	chr11	86257505	86257606	6	0
EED	chr11	86264162	86264273	7	0
EED	chr11	86266073	86266226	8	0
EED	chr11	86268446	86268571	9	0
EED	chr11	86276970	86277148	10	0
EED	chr11	86277908	86278001	11	0
EED	chr11	86278389	86278525	12	0
PDE4D	chr5	58974664	58975090	15	0
PDE4D	chr5	58975647	58975849	14	0
PDE4D	chr5	58976340	58976482	13	0
PDE4D	chr5	58977181	58977355	12	0
PDE4D	chr5	58988483	58988602	11	0
PDE4D	chr5	58989745	58989929	10	0
PDE4D	chr5	58990794	58990912	9	0
PDE4D	chr5	58991822	58992014	8	0
PDE4D	chr5	58993362	58993475	7	0
PDE4D	chr5	59038849	59038981	6	0
PDE4D	chr5	59180585	59180654	5	0
PDE4D	chr5	59185179	59185272	4	0
PDE4D	chr5	59193490	59193546	3	0
PDE4D	chr5	59215767	59215978	2	0
PDE4D	chr5	59893158	59893622	1	0
AXIN1	chr16	288122	288258	11	0
AXIN1	chr16	289430	289617	10	0
AXIN1	chr16	291180	291307	9	0
AXIN1	chr16	293478	293728	8	0
AXIN1	chr16	297046	297236	7	0
AXIN1	chr16	297712	298261	6	0
AXIN1	chr16	304294	304451	5	0
AXIN1	chr16	309963	310079	4	0
AXIN1	chr16	314533	314693	3	0
AXIN1	chr16	346138	347025	2	0
AXIN2	chr17	65529976	65530112	11	0
AXIN2	chr17	65533902	65534089	10	0
AXIN2	chr17	65535616	65535731	9	0
AXIN2	chr17	65536310	65536563	8	0
AXIN2	chr17	65536859	65537073	7	0
AXIN2	chr17	65537314	65537845	6	0
AXIN2	chr17	65538193	65538353	5	0
AXIN2	chr17	65541445	65541567	4	0
AXIN2	chr17	65549510	65549670	3	0
AXIN2	chr17	65557796	65558620	2	0
ARID1A	chr1	26696404	26697550	1	0
ARID1A	chr1	26729641	26729873	2	0
ARID1A	chr1	26731142	26731614	3	0
ARID1A	chr1	26732666	26732802	4	0
ARID1A	chr1	26760846	26761106	5	0
ARID1A	chr1	26761374	26761483	6	0
ARID1A	chr1	26762142	26762329	7	0
ARID1A	chr1	26762963	26763295	8	0
ARID1A	chr1	26766211	26766376	9	0
ARID1A	chr1	26766447	26766576	10	0
ARID1A	chr1	26767780	26768009	11	0
ARID1A	chr1	26771109	26771336	12	0
ARID1A	chr1	26772490	26772642	13	0
ARID1A	chr1	26772802	26772997	14	0
ARID1A	chr1	26773336	26773506	15	0
ARID1A	chr1	26773570	26773727	16	0
ARID1A	chr1	26773792	26773908	17	0
ARID1A	chr1	26774319	26775230	18	0
ARID1A	chr1	26775567	26775717	19	0
ARID1A	chr1	26779013	26780756	20	0
ARID1B	chr6	156777681	156779481	1	0
ARID1B	chr6	156829217	156829431	2	0
ARID1B	chr6	156901366	156901535	3	0
ARID1B	chr6	156935456	156935586	4	0
ARID1B	chr6	157084652	157084915	5	0
ARID1B	chr6	157110462	157110571	6	0
ARID1B	chr6	157133018	157133217	7	0
ARID1B	chr6	157148614	157148961	8	0
ARID1B	chr6	157167030	157167195	9	0
ARID1B	chr6	157173998	157174127	10	0
ARID1B	chr6	157174837	157175015	11	0
ARID1B	chr6	157180959	157181188	12	0
ARID1B	chr6	157184221	157184445	13	0
ARID1B	chr6	157189632	157189790	14	0
ARID1B	chr6	157190028	157190220	15	0
ARID1B	chr6	157196155	157196325	16	0
ARID1B	chr6	157198801	157198917	17	0
ARID1B	chr6	157200695	157201498	18	0
ARID1B	chr6	157203856	157204006	19	0
ARID1B	chr6	157206157	157207891	20	0
TGFBR1	chr9	99105206	99105312	1	0
TGFBR1	chr9	99128845	99129110	2	0
TGFBR1	chr9	99132499	99132749	3	0
TGFBR1	chr9	99137849	99138099	4	0
TGFBR1	chr9	99142526	99142713	5	0
TGFBR1	chr9	99144722	99144898	6	0
TGFBR1	chr9	99146475	99146619	7	0
TGFBR1	chr9	99147644	99147794	8	0
TGFBR1	chr9	99149170	99149305	9	0
DNM2	chr19	10718243	10718413	1	0
DNM2	chr19	10759728	10759821	2	0
DNM2	chr19	10772469	10772638	3	0
DNM2	chr19	10775693	10775916	4	0
DNM2	chr19	10777108	10777226	5	0
DNM2	chr19	10782950	10783130	6	0
DNM2	chr19	10786554	10786716	7	0
DNM2	chr19	10793710	10793865	8	0
DNM2	chr19	10795362	10795449	9	0
DNM2	chr19	10797370	10797528	10	0
DNM2	chr19	10798476	10798582	11	0
DNM2	chr19	10802278	10802368	12	0
DNM2	chr19	10805906	10805977	13	0
DNM2	chr19	10808559	10808590	14	0
DNM2	chr19	10812254	10812387	15	0
DNM2	chr19	10819970	10820099	16	0
DNM2	chr19	10823778	10823909	17	0
DNM2	chr19	10825047	10825231	18	0
DNM2	chr19	10829026	10829278	19	0
DNM2	chr19	10830117	10830388	20	0
DNM2	chr19	10830968	10831047	21	0
TGFBR2	chr3	30606884	30606987	1	0
TGFBR2	chr3	30644737	30644925	2	0
TGFBR2	chr3	30650260	30650470	3	0
TGFBR2	chr3	30671628	30672447	4	0
TGFBR2	chr3	30674095	30674256	5	0
TGFBR2	chr3	30688374	30688521	6	0
TGFBR2	chr3	30691410	30691599	7	0
LATS1	chr6	149661729	149662248	8	0
LATS1	chr6	149676250	149676376	7	0
LATS1	chr6	149676545	149676747	6	0
LATS1	chr6	149679865	149680467	5	0
LATS1	chr6	149683069	149684602	4	0
LATS1	chr6	149695064	149695231	3	0
LATS1	chr6	149701769	149702126	2	0
LATS2	chr13	20974870	20975374	8	0
LATS2	chr13	20979681	20979807	7	0
LATS2	chr13	20981456	20981658	6	0
LATS2	chr13	20983214	20983816	5	0
LATS2	chr13	20987871	20989314	4	0
LATS2	chr13	20991262	20991414	3	0
LATS2	chr13	21045675	21046026	2	0
LMBRD2	chr5	36104046	36104116	18	0
LMBRD2	chr5	36105058	36105207	17	0
LMBRD2	chr5	36108524	36108649	16	0
LMBRD2	chr5	36109935	36110001	15	0
LMBRD2	chr5	36111145	36111268	14	0
LMBRD2	chr5	36114414	36114531	13	0
LMBRD2	chr5	36115005	36115130	12	0
LMBRD2	chr5	36116450	36116603	11	0
LMBRD2	chr5	36117725	36117926	10	0
LMBRD2	chr5	36122270	36122473	9	0
LMBRD2	chr5	36122838	36122971	8	0
LMBRD2	chr5	36124181	36124275	7	0
LMBRD2	chr5	36136299	36136529	6	0
LMBRD2	chr5	36137264	36137451	5	0
LMBRD2	chr5	36141097	36141212	4	0
LMBRD2	chr5	36142492	36142609	3	0
LMBRD2	chr5	36143166	36143349	2	0
SETBP1	chr18	44701347	44701842	2	0
SETBP1	chr18	44869220	44869293	3	0
SETBP1	chr18	44949871	44953350	4	0
SETBP1	chr18	45038475	45038665	5	0
SETBP1	chr18	45063069	45063698	6	0
ELF3	chr1	202011137	202011309	2	0
ELF3	chr1	202011947	202012188	3	0
ELF3	chr1	202012334	202012446	4	0
ELF3	chr1	202012630	202012769	5	0
ELF3	chr1	202012937	202013046	6	0
ELF3	chr1	202013172	202013308	7	0
ELF3	chr1	202013819	202014034	8	0
ELF3	chr1	202015199	202015323	9	0
ACOX1	chr17	75946748	75946805	14	0
ACOX1	chr17	75948241	75948467	13	0
ACOX1	chr17	75949207	75949370	12	0
ACOX1	chr17	75949485	75949610	11	0
ACOX1	chr17	75949708	75949907	10	0
ACOX1	chr17	75950764	75950974	9	0
ACOX1	chr17	75951405	75951587	8	0
ACOX1	chr17	75953441	75953630	7	0
ACOX1	chr17	75955556	75955691	6	0
ACOX1	chr17	75955818	75955957	5	0
ACOX1	chr17	75957449	75957576	4	0
ACOX1	chr17	75960205	75960385	3	0
ACOX1	chr17	75978524	75978703	2	0
ACOX1	chr17	75978955	75979073	1	0
MYOD1	chr11	17719783	17720422	1	0
MYOD1	chr11	17720892	17720990	2	0
MYOD1	chr11	17721245	17721508	3	0
CDH10	chr5	24487663	24488163	12	0
CDH10	chr5	24491566	24491837	11	0
CDH10	chr5	24492807	24492935	10	0
CDH10	chr5	24498388	24498529	9	0
CDH10	chr5	24505102	24505258	8	0
CDH10	chr5	24509556	24509829	7	0
CDH10	chr5	24511317	24511524	6	0
CDH10	chr5	24535102	24535289	5	0
CDH10	chr5	24535693	24535832	4	0
CDH10	chr5	24537370	24537684	3	0
CDH10	chr5	24593250	24593490	2	0
RASA1	chr5	87268452	87269000	1	0
RASA1	chr5	87331338	87331510	2	0
RASA1	chr5	87332497	87332652	3	0
RASA1	chr5	87333257	87333347	4	0
RASA1	chr5	87337964	87338101	5	0
RASA1	chr5	87341280	87341331	6	0
RASA1	chr5	87346662	87346734	7	0
RASA1	chr5	87349204	87349374	8	0
RASA1	chr5	87353147	87353245	9	0
RASA1	chr5	87362541	87362681	10	0
RASA1	chr5	87363338	87363514	11	0
RASA1	chr5	87369803	87369910	12	0
RASA1	chr5	87372108	87372205	13	0
RASA1	chr5	87374153	87374330	14	0
RASA1	chr5	87374830	87374926	15	0
RASA1	chr5	87376383	87376575	16	0
RASA1	chr5	87376871	87377050	17	0
RASA1	chr5	87378386	87378548	18	0
RASA1	chr5	87379725	87379860	19	0
RASA1	chr5	87380499	87380605	20	0
RASA1	chr5	87383703	87383790	21	0
RASA1	chr5	87385291	87385399	22	0
RASA1	chr5	87386816	87386913	23	0
RASA1	chr5	87389383	87389537	24	0
RASA1	chr5	87390790	87390883	25	0
IRF2	chr4	184388758	184389076	9	0
IRF2	chr4	184390693	184390759	8	0
IRF2	chr4	184398905	184399089	7	0
IRF2	chr4	184408148	184408285	6	0
IRF2	chr4	184418157	184418223	5	0
IRF2	chr4	184418522	184418718	4	0
IRF2	chr4	184419459	184419578	3	0
IRF2	chr4	184428968	184429064	2	0
ATP1A1	chr1	116373512	116373533	1	0
ATP1A1	chr1	116384004	116384134	2	0
ATP1A1	chr1	116384773	116384852	3	0
ATP1A1	chr1	116387278	116387501	4	0
ATP1A1	chr1	116388121	116388254	5	0
ATP1A1	chr1	116388628	116388782	6	0
ATP1A1	chr1	116388892	116389029	7	0
ATP1A1	chr1	116389429	116389717	8	0
ATP1A1	chr1	116390203	116390421	9	0
ATP1A1	chr1	116390772	116390901	10	0
ATP1A1	chr1	116392844	116392998	11	0
ATP1A1	chr1	116393521	116393733	12	0
ATP1A1	chr1	116395100	116395295	13	0
ATP1A1	chr1	116396588	116396744	14	0
ATP1A1	chr1	116397878	116398048	15	0
ATP1A1	chr1	116398611	116398799	16	0
ATP1A1	chr1	116398920	116399094	17	0
ATP1A1	chr1	116399410	116399553	18	0
ATP1A1	chr1	116400851	116401016	19	0
ATP1A1	chr1	116401120	116401270	20	0
ATP1A1	chr1	116401544	116401665	21	0
ATP1A1	chr1	116403874	116403985	22	0
ATP1A1	chr1	116404406	116404444	23	0
NT5C2	chr10	103089672	103089918	19	0
NT5C2	chr10	103090601	103090797	18	0
NT5C2	chr10	103090926	103091006	17	0
NT5C2	chr10	103091554	103091625	16	0
NT5C2	chr10	103093129	103093319	15	0
NT5C2	chr10	103093962	103094048	14	0
NT5C2	chr10	103094338	103094465	13	0
NT5C2	chr10	103095929	103095990	12	0
NT5C2	chr10	103097281	103097384	11	0
NT5C2	chr10	103098921	103098994	10	0
NT5C2	chr10	103099916	103100029	9	0
NT5C2	chr10	103101035	103101112	8	0
NT5C2	chr10	103101225	103101336	7	0
NT5C2	chr10	103105696	103105811	6	0
NT5C2	chr10	103106579	103106716	5	0
NT5C2	chr10	103139396	103139489	4	0
NT5C2	chr10	103174848	103174958	3	0
CBL	chr11	119206418	119206622	1	0
CBL	chr11	119232438	119232705	2	0
CBL	chr11	119271725	119271891	3	0
CBL	chr11	119273858	119274034	4	0
CBL	chr11	119274822	119274963	5	0
CBL	chr11	119275987	119276144	6	0
CBL	chr11	119277747	119277854	7	0
CBL	chr11	119278156	119278307	8	0
CBL	chr11	119278500	119278723	9	0
CBL	chr11	119284959	119285110	10	0
CBL	chr11	119285179	119285576	11	0
CBL	chr11	119287842	119287956	12	0
CBL	chr11	119296908	119297044	13	0
CBL	chr11	119297374	119297491	14	0
CBL	chr11	119298348	119298550	15	0
CBL	chr11	119299485	119299781	16	0
ACVR1B	chr12	51951744	51951844	1	0
ACVR1B	chr12	51975255	51975514	2	0
ACVR1B	chr12	51976317	51976585	3	0
ACVR1B	chr12	51980959	51981209	4	0
ACVR1B	chr12	51983989	51984176	5	0
ACVR1B	chr12	51985182	51985358	6	0
ACVR1B	chr12	51986808	51986952	7	0
ACVR1B	chr12	51991853	51992003	8	0
ACVR1B	chr12	51993975	51994110	9	0
AURKA	chr20	56370158	56370350	9	0
AURKA	chr20	56370475	56370669	8	0
AURKA	chr20	56373398	56373566	7	0
AURKA	chr20	56381423	56381581	6	0
AURKA	chr20	56382975	56383186	5	0
AURKA	chr20	56384260	56384334	4	0
AURKA	chr20	56386247	56386543	3	0
AURKA	chr20	56388146	56388197	2	0
DLL3	chr19	39498975	39499053	1	0
DLL3	chr19	39499182	39499483	2	0
DLL3	chr19	39500605	39500682	3	0
DLL3	chr19	39502805	39503067	4	0
DLL3	chr19	39504061	39504298	5	0
DLL3	chr19	39505219	39505461	6	0
DLL3	chr19	39507029	39507628	7	0
DLL3	chr19	39507820	39507924	8	0
DLL3	chr19	39508242	39508257	9	0
GMDS	chr6	1624169	1624241	11	0
GMDS	chr6	1624462	1624550	10	0
GMDS	chr6	1726406	1726522	9	0
GMDS	chr6	1742458	1742596	8	0
GMDS	chr6	1930093	1930240	7	0
GMDS	chr6	1959857	1959981	6	0
GMDS	chr6	1960764	1960976	5	0
GMDS	chr6	2115761	2115890	4	0
GMDS	chr6	2117459	2117566	3	0
GMDS	chr6	2124677	2124741	2	0
GMDS	chr6	2245311	2245422	1	0
ERBB3	chr12	56080301	56080392	1	0
ERBB3	chr12	56083741	56083912	2	0
ERBB3	chr12	56084985	56085191	3	0
ERBB3	chr12	56086521	56086666	4	0
ERBB3	chr12	56087567	56087652	5	0
ERBB3	chr12	56087785	56087923	6	0
ERBB3	chr12	56088011	56088172	7	0
ERBB3	chr12	56088533	56088666	8	0
ERBB3	chr12	56088738	56088878	9	0
ERBB3	chr12	56092737	56092830	10	0
ERBB3	chr12	56092976	56093086	11	0
ERBB3	chr12	56093335	56093560	12	0
ERBB3	chr12	56093754	56093906	13	0
ERBB3	chr12	56094089	56094199	14	0
ERBB3	chr12	56094392	56094566	15	0
ERBB3	chr12	56095247	56095320	16	0
ERBB3	chr12	56095655	56095816	17	0
ERBB3	chr12	56096493	56096632	18	0
ERBB3	chr12	56096738	56096856	19	0
ERBB3	chr12	56097035	56097240	20	0
ERBB3	chr12	56097775	56097950	21	0
ERBB3	chr12	56098490	56098585	22	0
ERBB3	chr12	56098749	56098915	23	0
ERBB3	chr12	56099638	56099755	24	0
ERBB3	chr12	56099828	56100039	25	0
ERBB3	chr12	56100164	56100255	26	0
ERBB3	chr12	56101051	56101371	27	0
ERBB3	chr12	56101519	56102055	28	0
ERBB4	chr2	211383615	211384070	28	0
ERBB4	chr2	211386843	211387160	27	0
ERBB4	chr2	211387935	211388002	26	0
ERBB4	chr2	211420431	211420621	25	0
ERBB4	chr2	211421997	211422114	24	0
ERBB4	chr2	211424145	211424311	23	0
ERBB4	chr2	211428398	211428493	22	0
ERBB4	chr2	211430935	211431110	21	0
ERBB4	chr2	211561893	211562098	20	0
ERBB4	chr2	211619167	211619285	19	0
ERBB4	chr2	211623912	211624054	18	0
ERBB4	chr2	211630452	211630604	17	0
ERBB4	chr2	211657744	211657838	16	0
ERBB4	chr2	211665313	211665487	15	0
ERBB4	chr2	211673154	211673267	14	0
ERBB4	chr2	211679042	211679194	13	0
ERBB4	chr2	211701957	211702176	12	0
ERBB4	chr2	211704094	211704204	11	0
ERBB4	chr2	211705308	211705401	10	0
ERBB4	chr2	211712040	211712186	9	0
ERBB4	chr2	211713525	211713658	8	0
ERBB4	chr2	211722383	211722544	7	0
ERBB4	chr2	211725066	211725204	6	0
ERBB4	chr2	211750629	211750714	5	0
ERBB4	chr2	211788015	211788169	4	0
ERBB4	chr2	211947420	211947626	3	0
ERBB4	chr2	212124742	212124913	2	0
ERBB4	chr2	212538439	212538530	1	0
GNA11	chr19	3094652	3094797	1	0
GNA11	chr19	3110139	3110343	2	0
GNA11	chr19	3113320	3113494	3	0
GNA11	chr19	3114934	3115082	4	0
GNA11	chr19	3118914	3119063	5	0
GNA11	chr19	3119196	3119369	6	0
GNA11	chr19	3120979	3121179	7	0
POLD1	chr19	50398852	50399063	2	0
POLD1	chr19	50399361	50399494	3	0
POLD1	chr19	50401768	50401934	4	0
POLD1	chr19	50401989	50402134	5	0
POLD1	chr19	50402195	50402383	6	0
POLD1	chr19	50402444	50402545	7	0
POLD1	chr19	50402602	50402751	8	0
POLD1	chr19	50403043	50403229	9	0
POLD1	chr19	50403483	50403607	10	0
POLD1	chr19	50406172	50406332	11	0
POLD1	chr19	50406397	50406527	12	0
POLD1	chr19	50406973	50407184	13	0
POLD1	chr19	50407317	50407425	14	0
POLD1	chr19	50408775	50408911	15	0
POLD1	chr19	50409112	50409245	16	0
POLD1	chr19	50409509	50409676	17	0
POLD1	chr19	50413416	50413531	18	0
POLD1	chr19	50413732	50413889	19	0
POLD1	chr19	50414805	50415000	20	0
POLD1	chr19	50415428	50415600	21	0
POLD1	chr19	50415714	50415836	22	0
POLD1	chr19	50416386	50416538	23	0
POLD1	chr19	50416600	50416733	24	0
POLD1	chr19	50417035	50417107	25	0
POLD1	chr19	50417162	50417279	26	0
POLD1	chr19	50417832	50417947	27	0
ERBB2	chr17	39700239	39700321	1	0
ERBB2	chr17	39706980	39707151	2	0
ERBB2	chr17	39708311	39708544	3	0
ERBB2	chr17	39709308	39709462	4	0
ERBB2	chr17	39709803	39709891	5	0
ERBB2	chr17	39710076	39710211	6	0
ERBB2	chr17	39710330	39710491	7	0
ERBB2	chr17	39711918	39712057	8	0
ERBB2	chr17	39712312	39712458	9	0
ERBB2	chr17	39715276	39715369	10	0
ERBB2	chr17	39715436	39715546	11	0
ERBB2	chr17	39715730	39715949	12	0
ERBB2	chr17	39716291	39716443	13	0
ERBB2	chr17	39716505	39716615	14	0
ERBB2	chr17	39717310	39717490	15	0
ERBB2	chr17	39719777	39719844	16	0
ERBB2	chr17	39723309	39723467	17	0
ERBB2	chr17	39723528	39723670	18	0
ERBB2	chr17	39723902	39724020	19	0
ERBB2	chr17	39724716	39724921	20	0
ERBB2	chr17	39725039	39725214	21	0
ERBB2	chr17	39725317	39725412	22	0
ERBB2	chr17	39725697	39725863	23	0
ERBB2	chr17	39726552	39726669	24	0
ERBB2	chr17	39726805	39727013	25	0
ERBB2	chr17	39727285	39727557	26	0
ERBB2	chr17	39727679	39728044	27	0
DROSHA	chr5	31401432	31401572	36	0
DROSHA	chr5	31405667	31405733	35	0
DROSHA	chr5	31406843	31406955	34	0
DROSHA	chr5	31409046	31409169	33	0
DROSHA	chr5	31409240	31409342	32	0
DROSHA	chr5	31410736	31410897	31	0
DROSHA	chr5	31421262	31421387	30	0
DROSHA	chr5	31422777	31422954	29	0
DROSHA	chr5	31424417	31424481	28	0
DROSHA	chr5	31429465	31429555	27	0
DROSHA	chr5	31431566	31431688	26	0
DROSHA	chr5	31435755	31435874	25	0
DROSHA	chr5	31437229	31437308	24	0
DROSHA	chr5	31448537	31448617	23	0
DROSHA	chr5	31449271	31449429	22	0
DROSHA	chr5	31451523	31451650	21	0
DROSHA	chr5	31464226	31464353	20	0
DROSHA	chr5	31466172	31466291	19	0
DROSHA	chr5	31467929	31468073	18	0
DROSHA	chr5	31472053	31472242	17	0
DROSHA	chr5	31483544	31483638	16	0
DROSHA	chr5	31484871	31484972	15	0
DROSHA	chr5	31486481	31486572	14	0
DROSHA	chr5	31493197	31493303	13	0
DROSHA	chr5	31495276	31495382	12	0
DROSHA	chr5	31504545	31504645	11	0
DROSHA	chr5	31508611	31508785	10	0
DROSHA	chr5	31511025	31511186	9	0
DROSHA	chr5	31514978	31515229	8	0
DROSHA	chr5	31515444	31515574	7	0
DROSHA	chr5	31521113	31521225	6	0
DROSHA	chr5	31526069	31526922	5	0
DROSHA	chr5	31529030	31529059	4	0
LRIG3	chr12	58872572	58872826	19	0
LRIG3	chr12	58874045	58874340	18	0
LRIG3	chr12	58874420	58874583	17	0
LRIG3	chr12	58876435	58876613	16	0
LRIG3	chr12	58877390	58877862	15	0
LRIG3	chr12	58878814	58879115	14	0
LRIG3	chr12	58880571	58880911	13	0
LRIG3	chr12	58882859	58883042	12	0
LRIG3	chr12	58883510	58883601	11	0
LRIG3	chr12	58885821	58885912	10	0
LRIG3	chr12	58886800	58886900	9	0
LRIG3	chr12	58887779	58887942	8	0
LRIG3	chr12	58888319	58888482	7	0
LRIG3	chr12	58888809	58888972	6	0
LRIG3	chr12	58889986	58890149	5	0
LRIG3	chr12	58890655	58890806	4	0
LRIG3	chr12	58913972	58914066	3	0
LRIG3	chr12	58914255	58914346	2	0
LRIG3	chr12	58919990	58920235	1	0
VHL	chr3	10141848	10142197	1	0
VHL	chr3	10146504	10146646	2	0
VHL	chr3	10149777	10149965	3	0
LRIG2	chr1	113073407	113073655	1	0
LRIG2	chr1	113091308	113091393	2	0
LRIG2	chr1	113093196	113093290	3	0
LRIG2	chr1	113093420	113093574	4	0
LRIG2	chr1	113094329	113094492	5	0
LRIG2	chr1	113094602	113094765	6	0
LRIG2	chr1	113095864	113096027	7	0
LRIG2	chr1	113096212	113096375	8	0
LRIG2	chr1	113098695	113098795	9	0
LRIG2	chr1	113100201	113100292	10	0
LRIG2	chr1	113100410	113100498	11	0
LRIG2	chr1	113107584	113107767	12	0
LRIG2	chr1	113110232	113110572	13	0
LRIG2	chr1	113112469	113112770	14	0
LRIG2	chr1	113114417	113114886	15	0
LRIG2	chr1	113116277	113116446	16	0
LRIG2	chr1	113119223	113119533	17	0
LRIG2	chr1	113123865	113124101	18	0
OR4F21	chr8	166086	167024	1	0
MUTYH	chr1	45329306	45329447	16	0
MUTYH	chr1	45330506	45330567	15	0
MUTYH	chr1	45331172	45331344	14	0
MUTYH	chr1	45331410	45331566	13	0
MUTYH	chr1	45331651	45331859	12	0
MUTYH	chr1	45332013	45332096	11	0
MUTYH	chr1	45332156	45332320	10	0
MUTYH	chr1	45332381	45332498	9	0
MUTYH	chr1	45332564	45332697	8	0
MUTYH	chr1	45332753	45332844	7	0
MUTYH	chr1	45332908	45332969	6	0
MUTYH	chr1	45333087	45333180	5	0
MUTYH	chr1	45333275	45333334	4	0
MUTYH	chr1	45333403	45333571	3	0
MUTYH	chr1	45334381	45334505	2	0
SPEN	chr1	15848068	15848160	1	0
SPEN	chr1	15872806	15873146	2	0
SPEN	chr1	15876192	15876688	3	0
SPEN	chr1	15909311	15909491	4	0
SPEN	chr1	15911091	15911311	5	0
SPEN	chr1	15916118	15916289	6	0
SPEN	chr1	15918916	15919061	7	0
SPEN	chr1	15919394	15919527	8	0
SPEN	chr1	15920860	15920993	9	0
SPEN	chr1	15922239	15922359	10	0
SPEN	chr1	15928081	15936276	11	0
SPEN	chr1	15937153	15937655	12	0
SPEN	chr1	15937802	15938016	13	0
SPEN	chr1	15938708	15938886	14	0
SPEN	chr1	15939286	15939427	15	0
TCF7L2	chr10	112950757	112950955	1	0
TCF7L2	chr10	112951197	112951283	2	0
TCF7L2	chr10	112951473	112951617	3	0
TCF7L2	chr10	112964546	112964634	4	0
TCF7L2	chr10	113040015	113040136	5	0
TCF7L2	chr10	113141174	113141326	6	0
TCF7L2	chr10	113143913	113144035	7	0
TCF7L2	chr10	113146001	113146107	8	0
TCF7L2	chr10	113150988	113151133	9	0
TCF7L2	chr10	113151715	113151894	10	0
TCF7L2	chr10	113152323	113152450	11	0
TCF7L2	chr10	113158011	113158079	12	0
TCF7L2	chr10	113158657	113158727	13	0
TCF7L2	chr10	113159910	113160002	14	0
TCF7L2	chr10	113165545	113165972	15	0
TMEM30A	chr6	75256102	75256305	7	0
TMEM30A	chr6	75258770	75258996	6	0
TMEM30A	chr6	75259337	75259500	5	0
TMEM30A	chr6	75260814	75260921	4	0
TMEM30A	chr6	75265221	75265348	3	0
TMEM30A	chr6	75267631	75267758	2	0
TMEM30A	chr6	75284392	75284638	1	0
NEGR1	chr1	71407446	71407580	7	0
NEGR1	chr1	71592807	71592978	6	0
NEGR1	chr1	71611016	71611156	5	0
NEGR1	chr1	71697998	71698149	4	0
NEGR1	chr1	71776162	71776307	3	0
NEGR1	chr1	71935069	71935321	2	0
NEGR1	chr1	72282309	72282494	1	0
EGF	chr4	109913336	109913472	1	0
EGF	chr4	109940936	109941155	2	0
EGF	chr4	109943244	109943445	3	0
EGF	chr4	109943832	109944079	4	0
EGF	chr4	109945063	109945285	5	0
EGF	chr4	109959302	109959447	6	0
EGF	chr4	109960857	109960999	7	0
EGF	chr4	109961853	109961995	8	0
EGF	chr4	109963163	109963308	9	0
EGF	chr4	109964391	109964547	10	0
EGF	chr4	109968961	109969129	11	0
EGF	chr4	109974693	109974817	12	0
EGF	chr4	109976002	109976245	13	0
EGF	chr4	109979962	109980149	14	0
EGF	chr4	109980816	109980985	15	0
EGF	chr4	109983412	109983551	16	0
EGF	chr4	109987734	109987870	17	0
EGF	chr4	109988574	109988719	18	0
EGF	chr4	109993237	109993379	19	0
EGF	chr4	109994723	109994890	20	0
EGF	chr4	109999669	109999856	21	0
EGF	chr4	110004495	110004632	22	0
EGF	chr4	110008142	110008240	23	0
EGF	chr4	110011192	110011455	24	0
USP22	chr17	21003031	21003083	13	0
USP22	chr17	21004192	21004361	12	0
USP22	chr17	21004918	21005000	11	0
USP22	chr17	21006886	21006997	10	0
USP22	chr17	21007860	21008006	9	0
USP22	chr17	21011141	21011319	8	0
USP22	chr17	21012820	21012945	7	0
USP22	chr17	21015742	21015909	6	0
USP22	chr17	21017932	21018121	5	0
USP22	chr17	21019074	21019195	4	0
USP22	chr17	21021103	21021236	3	0
USP22	chr17	21028532	21028684	2	0
USP22	chr17	21042655	21042835	1	0
ATP2B3	chrX	153536248	153536465	3	0
ATP2B3	chrX	153541349	153541566	4	0
ATP2B3	chrX	153541659	153541936	5	0
ATP2B3	chrX	153542313	153542458	6	0
ATP2B3	chrX	153543033	153543178	7	0
ATP2B3	chrX	153546078	153546139	8	0
ATP2B3	chrX	153547825	153548009	9	0
ATP2B3	chrX	153548630	153548864	10	0
ATP2B3	chrX	153549487	153549749	11	0
ATP2B3	chrX	153550035	153550296	12	0
ATP2B3	chrX	153553025	153553279	13	0
ATP2B3	chrX	153556039	153556238	14	0
ATP2B3	chrX	153556321	153556428	15	0
ATP2B3	chrX	153556907	153557033	16	0
ATP2B3	chrX	153558102	153558313	17	0
ATP2B3	chrX	153559719	153559952	18	0
ATP2B3	chrX	153560666	153560897	19	0
ATP2B3	chrX	153562125	153562252	20	0
ATP2B3	chrX	153564911	153565113	21	0
ATP2B3	chrX	153579968	153580298	22	0
PPP2R3B	chrX	334367	334527	13	0
PPP2R3B	chrX	338594	338720	12	0
PPP2R3B	chrX	338768	338906	11	0
PPP2R3B	chrX	340755	340950	10	0
PPP2R3B	chrX	341297	341406	9	0
PPP2R3B	chrX	341873	341941	8	0
PPP2R3B	chrX	345506	345682	7	0
PPP2R3B	chrX	346164	346270	6	0
PPP2R3B	chrX	346691	346785	5	0
PPP2R3B	chrX	347224	347346	4	0
PPP2R3B	chrX	347580	347703	3	0
PPP2R3B	chrX	361395	361600	2	0
PPP2R3B	chrX	386358	386691	1	0
USP28	chr11	113799240	113799425	26	0
USP28	chr11	113801473	113801688	25	0
USP28	chr11	113803148	113803291	24	0
USP28	chr11	113803788	113803887	23	0
USP28	chr11	113804663	113804761	22	0
USP28	chr11	113804858	113805056	21	0
USP28	chr11	113806479	113806594	20	0
USP28	chr11	113807941	113808146	19	0
USP28	chr11	113808288	113808447	18	0
USP28	chr11	113809053	113809264	17	0
USP28	chr11	113812266	113812514	16	0
USP28	chr11	113813875	113813965	15	0
USP28	chr11	113815164	113815392	14	0
USP28	chr11	113817648	113817847	13	0
USP28	chr11	113823595	113823710	12	0
USP28	chr11	113827223	113827370	11	0
USP28	chr11	113829187	113829355	10	0
USP28	chr11	113830857	113830953	9	0
USP28	chr11	113831910	113832003	8	0
USP28	chr11	113833410	113833567	7	0
USP28	chr11	113834239	113834345	6	0
USP28	chr11	113840588	113840767	5	0
USP28	chr11	113841653	113841778	4	0
USP28	chr11	113852491	113852643	3	0
USP28	chr11	113854248	113854345	2	0
USP28	chr11	113875435	113875501	1	0
TSHR	chr14	80955681	80955860	1	0
TSHR	chr14	81062138	81062229	2	0
TSHR	chr14	81068244	81068338	3	0
TSHR	chr14	81087944	81088038	4	0
TSHR	chr14	81091059	81091153	5	0
TSHR	chr14	81092521	81092618	6	0
TSHR	chr14	81096629	81096717	7	0
TSHR	chr14	81108365	81108462	8	0
TSHR	chr14	81139669	81139877	9	0
TSHR	chr14	81142930	81144353	10	0
ACVR2A	chr2	147845153	147845217	1	0
ACVR2A	chr2	147896291	147896518	2	0
ACVR2A	chr2	147899448	147899577	3	0
ACVR2A	chr2	147899734	147899908	4	0
ACVR2A	chr2	147915181	147915344	5	0
ACVR2A	chr2	147917273	147917436	6	0
ACVR2A	chr2	147918437	147918602	7	0
ACVR2A	chr2	147920220	147920354	8	0
ACVR2A	chr2	147922963	147923121	9	0
ACVR2A	chr2	147926021	147926171	10	0
ACVR2A	chr2	147927070	147927274	11	0
EPOR	chr19	11377984	11378605	8	0
EPOR	chr19	11378681	11378788	7	0
EPOR	chr19	11380874	11380981	6	0
EPOR	chr19	11381046	11381219	5	0
EPOR	chr19	11381682	11381859	4	0
EPOR	chr19	11381920	11382115	3	0
EPOR	chr19	11383087	11383242	2	0
EPOR	chr19	11384083	11384207	1	0
WEE1	chr11	9573934	9574519	1	0
WEE1	chr11	9575878	9576103	2	0
WEE1	chr11	9576220	9576303	3	0
WEE1	chr11	9576477	9576669	4	0
WEE1	chr11	9577132	9577273	5	0
WEE1	chr11	9581522	9581688	6	0
WEE1	chr11	9585248	9585363	7	0
WEE1	chr11	9585432	9585537	8	0
WEE1	chr11	9586439	9586629	9	0
WEE1	chr11	9586701	9586866	10	0
WEE1	chr11	9588439	9588602	11	0
KANSL1	chr17	46031476	46031713	15	0
KANSL1	chr17	46032037	46032309	14	0
KANSL1	chr17	46033070	46033202	13	0
KANSL1	chr17	46033393	46033470	12	0
KANSL1	chr17	46034151	46034295	11	0
KANSL1	chr17	46038528	46038696	10	0
KANSL1	chr17	46039017	46039225	9	0
KANSL1	chr17	46039692	46039894	8	0
KANSL1	chr17	46050523	46050714	7	0
KANSL1	chr17	46066527	46066742	6	0
KANSL1	chr17	46067539	46067677	5	0
KANSL1	chr17	46082431	46082552	4	0
KANSL1	chr17	46094550	46094711	3	0
KANSL1	chr17	46170845	46172143	2	0
ERCC2	chr19	45351629	45351731	23	0
ERCC2	chr19	45352199	45352362	22	0
ERCC2	chr19	45352496	45352659	21	0
ERCC2	chr19	45352736	45352826	20	0
ERCC2	chr19	45353073	45353165	19	0
ERCC2	chr19	45353232	45353344	18	0
ERCC2	chr19	45354720	45354861	17	0
ERCC2	chr19	45355655	45355738	16	0
ERCC2	chr19	45357260	45357381	15	0
ERCC2	chr19	45357464	45357553	14	0
ERCC2	chr19	45357620	45357709	13	0
ERCC2	chr19	45361514	45361652	12	0
ERCC2	chr19	45363733	45363921	11	0
ERCC2	chr19	45363976	45364129	10	0
ERCC2	chr19	45364225	45364341	9	0
ERCC2	chr19	45364414	45364557	8	0
ERCC2	chr19	45364828	45364964	7	0
ERCC2	chr19	45365032	45365168	6	0
ERCC2	chr19	45368620	45368753	5	0
ERCC2	chr19	45368920	45369002	4	0
ERCC2	chr19	45369060	45369157	3	0
ERCC2	chr19	45370123	45370242	2	0
ERCC2	chr19	45370526	45370540	1	0
KRAS	chr12	25209795	25209921	5	0
KRAS	chr12	25225604	25225783	4	0
KRAS	chr12	25227224	25227422	3	0
KRAS	chr12	25245264	25245384	2	31
